Year ,Date,Time,Recorder,Measurer,Bander ,Other Field Crew ,Box_ID,Adult_in_Box,Nest_Status,Gull_Nest_Within_1m,Number_Eggs,Number_Live_Chicks,Number_Dead_Chicks,Egg_Shells,Egg1_New_Prev,Egg1_Weight,Egg1_Width,Egg1_Length,Egg2_New_Prev,Egg2_Weight,Egg2_Width,Egg2_Length,Chick1_Left_Wing_Chord,Chick1_Left_Tarsus,Chick1_Bill_Length,Chick1_Bill_Depth,Chick1_Weight,Chick2_Left_Wing_Chord,Chick2_Left_Tarsus,Chick2_Bill_Length,Chick2_Bill_Depth,Chick2_Weight,Notes,Nest_Box_Photo
2024,5/30/2024,NA,Jessie Beck,,,,KP_01,No,Empty - No nest is known to have been initiated,No,0,0,0,0,,,,,,,,,,,,,,,,,,,,
2024,6/6/2024,12:15,Sarah Converse ,,,,KP_01,No,Empty - No nest is known to have been initiated,No,0,0,0,0,,,,,,,,,,,,,,,,,,,,
2024,6/13/2024,13:08,Alex Coenen,,,,KP_01,No,Empty - No nest is known to have been initiated,No,0,0,0,0,,,,,,,,,,,,,,,,,,,Debris from erosion near entrance of nest box.,
2024,6/18/2024,15:00,Sarah Converse ,,,,KP_01,No,Empty - No nest is known to have been initiated,No,0,0,0,0,,,,,,,,,,,,,,,,,,,,
2024,6/25/2024,15:31,Amelia DuVall,Alex Coenen,,,KP_01,No,Live Eggs in Box ,No,1,0,0,0,New,53,38.6,60.5,,,,,,,,,,,,,,,"egg warm, chalky",
2024,7/2/2024,13:57,Alex Coenen,Eric Wagner,,Sarah Converse ,KP_01,No,Live Eggs in Box ,No,1,0,0,0,Prev,53,,,,,,,,,,,,,,,,,,
2024,7/9/2024,15:25,Alex Coenen,Sarah Converse ,,Eric Wagner,KP_01,No,Live Eggs in Box ,No,1,0,0,0,Prev,48,,,,,,,,,,,,,,,,,,
2024,7/16/2024,13:45,Sarah Converse ,Alex Coenen,,,KP_01,No,Live Eggs in Box ,No,1,0,0,0,Prev,52,,,,,,,,,,,,,,,,,,
2024,7/23/2024,14:05,Eve Hallock,Eve Hallock,,,KP_01,No,Live Eggs in Box ,No,1,0,0,0,Prev,50,,,,,,,,,,,,,,,,,,
2024,7/31/2024,13:06,Alex Coenen,Eric Wagner,,,KP_01,No,Live Eggs in Box ,No,1,0,0,0,Prev,52,,,,,,,,,,,,,,,,,eggs slightly cool - potentially collect next week,
2024,8/6/2024,13:04,Alex Coenen,Alex Coenen,,Timothy Chen,KP_01,No,Live Eggs in Box ,No,1,0,0,0,Prev,47,,,,,,,,,,,,,,,,,,
2024,8/15/2024,12:19,Alex Coenen,,,Eve Hallock,KP_01,No,Dead eggs in box,No,1,0,0,0,,,,,,,,,,,,,,,,,,,"collected - 7 weeks in box, cold",
2024,8/20/2024,10:44,Eric Wagner,,,Alex Coenen,KP_01,No,Empty,No,0,0,0,0,,,,,,,,,,,,,,,,,,,,
2024,8/27/2024,10:58,Alex Coenen,,,Matt Farr,KP_01,No,Empty,No,0,0,0,0,,,,,,,,,,,,,,,,,,,,
2024,9/3/2024,10:45,Sarah Converse,,,,KP_01,No,Empty,No,0,0,0,0,,,,,,,,,,,,,,,,,,,,
2024,9/10/2024,NA,Alex Coenen,,,Sarah Converse,KP_01,No,Empty,No,0,0,0,0,,,,,,,,,,,,,,,,,,,,
2024,9/17/2024,NA,Alex Coenen,,,Matt Farr,KP_01,No,Empty,No,0,0,0,0,,,,,,,,,,,,,,,,,,,,
2024,9/24/2024,NA,Alex Coenen,,,Matt Farr,KP_01,No,Empty,No,0,0,0,0,,,,,,,,,,,,,,,,,,,,
2024,5/30/2024,NA,Jessie Beck,,,,KP_02,No,Empty - No nest is known to have been initiated,No,0,0,0,0,,,,,,,,,,,,,,,,,,,,
2024,6/6/2024,12:15,Sarah Converse ,,,,KP_02,No,Empty - No nest is known to have been initiated,No,0,0,0,0,,,,,,,,,,,,,,,,,,,,
2024,6/13/2024,13:09,Alex Coenen,,,,KP_02,No,Empty - No nest is known to have been initiated,No,0,0,0,0,,,,,,,,,,,,,,,,,,,,
2024,6/18/2024,15:00,Sarah Converse ,,,,KP_02,No,Empty - No nest is known to have been initiated,No,0,0,0,0,,,,,,,,,,,,,,,,,,,,
2024,6/25/2024,15:38,Amelia DuVall,,,,KP_02,No,Empty - No nest is known to have been initiated,No,0,0,0,0,,,,,,,,,,,,,,,,,,,,
2024,7/2/2024,14:01,Alex Coenen,Eric Wagner,,Sarah Converse ,KP_02,No,Live Eggs in Box ,No,2,0,0,0,New,55,40.1,61.1,New,54,40,58.7,,,,,,,,,,,,
2024,7/9/2024,15:25,Sarah Converse ,Eric Wagner,Eric Wagner,Alex Coenen,KP_02,Yes,Live Eggs in Box ,No,2,0,0,0,Prev,55,,,Prev,54,,,,,,,,,,,,,,
2024,7/16/2024,13:47,Sarah Converse ,,,,KP_02,Yes,Live Eggs in Box ,No,1,0,0,0,Prev,,,,,,,,,,,,,,,,,,adult in box has tag-did not disturb,
2024,7/23/2024,14:15,Eve Hallock,Alex Coenen,Alex Coenen,Nate Redon,KP_02,Yes,Live Eggs in Box ,No,2,0,0,0,Prev,58,,,Prev,56,,,,,,,,,,,,,,
2024,7/31/2024,13:05,Alex Coenen,Eric Wagner,,,KP_02,No,Live Eggs in Box ,No,2,0,0,0,Prev,53,,,Prev,52,,,,,,,,,,,,,Adult flewout of box as before we apprached. Yellow on left leg? Eggs #2 has tiny bit of outer shell missing. Toasty eggs!,
2024,8/6/2024,13:07,Timothy Chen,Alex Coenen,,Timothy Chen,KP_02,No,Live egg and chick in box,No,1,1,0,0,Prev,48,,,,,,,24,23.9,9.9,6.4,45,,,,,,"egg cold, will collect next week just in case.",
2024,8/15/2024,12:24,Alex Coenen,Eve Hallock,,,KP_02,No,Live chick dead egg in box ,No,1,1,0,0,,,,,,,,,39,27.4,18.5,7.2,121,,,,,,"egg not hatched for 7 weeks, collected",
2024,8/20/2024,10:43,Alex Coenen,Alex Coenen,,Eric Wagner,KP_02,No,Live chicks in box,No,0,1,0,0,,,,,,,,,59,28.2,28.2,11.1,159,,,,,,not banded; too small. will band next week,
2024,8/27/2024,10:58,Alex Coenen,Alex Coenen,Alex Coenen,Matt Farr,KP_02,No,Live chicks in box,No,0,1,0,0,,,,,,,,,86,32.6,16.8,9.5,236,,,,,,,
2024,9/3/2024,11:15,Sarah Converse,Alex Coenen,Sarah Converse ,,KP_02,No,Live chicks in box ,No,0,1,0,0,,,,,,,,,,,,,,,,,,,,
2024,9/10/2024,10:11,Alex Coenen,Sarah Converse,,,KP_02,No,Live chicks in box ,No,0,1,0,0,,,,,,,,,133,32.8,26,10.1,326,,,,,,,
2024,9/17/2024,10:29,Alex Coenen,Alex Coenen,,Matt Farr,KP_02,No,Live chicks in box ,No,0,1,0,0,,,,,,,,,148,39.2,23.1,9.8,344,,,,,,,
2024,9/24/2024,11:00,Alex Coenen,,,Matt Farr,KP_02,No,Empty,No,0,0,0,0,,,,,,,,,,,,,,,,,,,,
2024,5/30/2024,NA,Jessie Beck,,,,KP_03,No,Empty - No nest is known to have been initiated,No,0,0,0,0,,,,,,,,,,,,,,,,,,,,
2024,6/6/2024,12:15,Sarah Converse ,,,,KP_03,No,Empty - No nest is known to have been initiated,No,0,0,0,0,,,,,,,,,,,,,,,,,,,,
2024,6/13/2024,13:10,Alex Coenen,,,,KP_03,No,Empty - No nest is known to have been initiated,No,0,0,0,0,,,,,,,,,,,,,,,,,,,,
2024,6/18/2024,15:00,Sarah Converse ,,,,KP_03,No,Empty - No nest is known to have been initiated,No,0,0,0,0,,,,,,,,,,,,,,,,,,,,
2024,6/25/2024,15:39,Amelia DuVall,,,,KP_03,No,Empty - No nest is known to have been initiated,No,0,0,0,0,,,,,,,,,,,,,,,,,,,,
2024,7/2/2024,14:06,Alex Coenen,,,,KP_03,No,Empty - No nest is known to have been initiated,No,0,0,0,0,,,,,,,,,,,,,,,,,,,,
2024,7/9/2024,15:24,Alex Coenen,,,,KP_03,No,Empty - No nest is known to have been initiated,No,0,0,0,0,,,,,,,,,,,,,,,,,,,,
2024,7/16/2024,13:48,Sarah Converse ,,,,KP_03,No,Empty - No nest is known to have been initiated,No,0,0,0,0,,,,,,,,,,,,,,,,,,,,
2024,7/23/2024,14:20,Eve Hallock,,,,KP_03,No,Empty - No nest is known to have been initiated,No,0,0,0,0,,,,,,,,,,,,,,,,,,,,
2024,7/31/2024,13:10,Alex Coenen,,,Eric Wagner,KP_03,No,Empty - No nest is known to have been initiated,No,0,0,0,0,,,,,,,,,,,,,,,,,,,,
2024,8/6/2024,13:18,Alex Coenen,,,Timothy Chen,KP_03,No,Empty - No nest is known to have been initiated,No,0,0,0,0,,,,,,,,,,,,,,,,,,,,
2024,8/15/2024,12:31,Alex Coenen,,,Eve Hallock,KP_03,No,Empty - No nest is known to have been initiated,No,0,0,0,0,,,,,,,,,,,,,,,,,,,,
2024,8/20/2024,10:44,Eric Wagner,,,Alex Coenen,KP_03,No,Empty - No nest is known to have been initiated,No,0,0,0,0,,,,,,,,,,,,,,,,,,,,
2024,8/27/2024,11:14,Alex Coenen,,,Matt Farr,KP_03,No,Empty - No nest is known to have been initiated,No,0,0,0,0,,,,,,,,,,,,,,,,,,,,
2024,9/3/2024,11:15,Sarah Converse,,,Alex Coenen,KP_03,No,Empty - No nest is known to have been initiated,No,0,0,0,0,,,,,,,,,,,,,,,,,,,,
2024,9/10/2024,NA,Alex Coenen,,,Sarah Converse,KP_03,No,Empty - No nest is known to have been initiated,No,0,0,0,0,,,,,,,,,,,,,,,,,,,,
2024,9/17/2024,NA,Alex Coenen,,,Matt Farr,KP_03,No,Empty - No nest is known to have been initiated,No,0,0,0,0,,,,,,,,,,,,,,,,,,,,
2024,9/24/2024,NA,Alex Coenen,,,Matt Farr,KP_03,No,Empty - No nest is known to have been initiated,No,0,0,0,0,,,,,,,,,,,,,,,,,,,,
2024,5/30/2024,NA,Jessie Beck,,,,KP_04,No,Empty - No nest is known to have been initiated,No,0,0,0,0,,,,,,,,,,,,,,,,,,,,
2024,6/6/2024,12:15,Sarah Converse ,,,,KP_04,No,Empty - No nest is known to have been initiated,No,0,0,0,0,,,,,,,,,,,,,,,,,,,,
2024,6/13/2024,13:10,Alex Coenen,,,,KP_04,No,Empty - No nest is known to have been initiated,No,0,0,0,0,,,,,,,,,,,,,,,,,,,,
2024,6/18/2024,15:00,Sarah Converse ,,,,KP_04,No,Empty - No nest is known to have been initiated,No,0,0,0,0,,,,,,,,,,,,,,,,,,,,
2024,6/25/2024,15:40,Amelia DuVall,Alex Coenen,,,KP_04,No,Live Eggs in Box ,No,2,0,0,0,New,56,40.4,60.9,New,56,40.6,59.6,,,,,,,,,,,"eggs slightly cold, a little chalky",
2024,7/2/2024,14:06,Alex Coenen,Eric Wagner,,Sarah Converse ,KP_04,Yes,Live Eggs in Box ,No,2,0,0,0,Prev,55,,,Prev,53,,,,,,,,,,,,,eggs normal temp.,
2024,7/9/2024,15:24,Alex Coenen,Sarah Converse ,,Eric Wagner,KP_04,No,Live Eggs in Box ,No,2,0,0,0,Prev,54,,,Prev,55,,,,,,,,,,,,,,
2024,7/16/2024,13:49,Sarah Converse ,Alex Coenen,,,KP_04,No,Live Eggs in Box ,No,2,0,0,0,Prev,54,,,Prev,53,,,,,,,,,,,,,,
2024,7/23/2024,14:30,Eve Hallock,Alex Coenen,,Nate Redon,KP_04,No,Live Eggs in Box ,No,2,0,0,0,Prev,54,,,Prev,53,,,,,,,,,,,,,eggs a little cold,
2024,7/31/2024,13:11,Alex Coenen,Eric Wagner,,,KP_04,No,Live Eggs in Box ,No,2,0,0,0,Prev,51,,,Prev,50,,,,,,,,,,,,,eggs slightly cold. Potentiall eagle poop nearby? potential abandonment,
2024,8/6/2024,13:18,Alex Coenen,Alex Coenen,,Timothy Chen,KP_04,no,"Live egg, dead egg",No,1,0,0,1,Prev,54,,,,,,,,,,,,,,,,,"only one egg. other egg broken outside of nest box. Collected broken egg, scat nearby. not sure what could have eaten this egg ( AC has photos: IMG_7145, IMG_7146, IMG_7147)",
2024,8/15/2024,12:32,Alex Coenen,,,Eve Hallock,KP_04,No,Dead eggs in box,No,1,0,0,0,,,,,,,,,,,,,,,,,,,eagle poop nearby. ran out of ziplock bags - will collect next week,
2024,8/20/2024,10:45,Alex Coenen,,,Eric Wagner,KP_04,No,Dead egg in box,No,1,0,0,0,,,,,,,,,,,,,,,,,,,collected,
2024,8/27/2024,11:14,Alex Coenen,,,Matt Farr,KP_04,No,Empty,No,0,0,0,0,,,,,,,,,,,,,,,,,,,,
2024,9/3/2024,11:15,Sarah Converse,,,Alex Coenen,KP_04,No,Empty,No,0,0,0,0,,,,,,,,,,,,,,,,,,,,
2024,9/10/2024,NA,Alex Coenen,,,Sarah Converse,KP_04,No,Empty,No,0,0,0,0,,,,,,,,,,,,,,,,,,,,
2024,9/17/2024,NA,Alex Coenen,,,Matt Farr,KP_04,No,Empty,No,0,0,0,0,,,,,,,,,,,,,,,,,,,,
2024,9/24/2024,NA,Alex Coenen,,,Matt Farr,KP_04,No,Empty,No,0,0,0,0,,,,,,,,,,,,,,,,,,,,
2024,5/30/2024,NA,Jessie Beck,,,,KP_05,No,Empty - No nest is known to have been initiated,No,0,0,0,0,,,,,,,,,,,,,,,,,,,,
2024,6/6/2024,12:15,Sarah Converse ,,,,KP_05,No,Empty - No nest is known to have been initiated,No,0,0,0,0,,,,,,,,,,,,,,,,,,,,
2024,6/13/2024,13:11,Alex Coenen,,,,KP_05,No,Empty - No nest is known to have been initiated,No,0,0,0,0,,,,,,,,,,,,,,,,,,,,
2024,6/18/2024,15:00,Sarah Converse ,,,,KP_05,No,Empty - No nest is known to have been initiated,No,0,0,0,0,,,,,,,,,,,,,,,,,,,,
2024,6/25/2024,15:48,Amelia DuVall,,,,KP_05,No,Empty - No nest is known to have been initiated,No,0,0,0,0,,,,,,,,,,,,,,,,,,,,
2024,7/2/2024,14:26,Alex Coenen,,,,KP_05,No,Empty - No nest is known to have been initiated,No,0,0,0,0,,,,,,,,,,,,,,,,,,,,
2024,7/9/2024,15:59,Alex Coenen,,,,KP_05,No,Empty - No nest is known to have been initiated,No,0,0,0,0,,,,,,,,,,,,,,,,,,,,
2024,7/16/2024,13:50,Sarah Converse ,,,,KP_05,No,Empty - No nest is known to have been initiated,No,0,0,0,0,,,,,,,,,,,,,,,,,,,,
2024,7/23/2024,14:32,Eve Hallock,,,,KP_05,No,Empty - No nest is known to have been initiated,No,0,0,0,0,,,,,,,,,,,,,,,,,,,,
2024,7/31/2024,13:12,Alex Coenen,,,Eric Wagner,KP_05,No,Empty - No nest is known to have been initiated,No,0,0,0,0,,,,,,,,,,,,,,,,,,,,
2024,8/6/2024,13:30,Alex Coenen,,,Timothy Chen,KP_05,No,Empty - No nest is known to have been initiated,No,0,0,0,0,,,,,,,,,,,,,,,,,,,,
2024,8/15/2024,12:35,Alex Coenen,,,Eve Hallock,KP_05,No,Empty - No nest is known to have been initiated,No,0,0,0,0,,,,,,,,,,,,,,,,,,,,
2024,8/20/2024,10:46,Eric Wagner,,,Alex Coenen,KP_05,No,Empty - No nest is known to have been initiated,No,0,0,0,0,,,,,,,,,,,,,,,,,,,,
2024,8/27/2024,11:15,Alex Coenen,,,Matt Farr,KP_05,No,Empty - No nest is known to have been initiated,No,0,0,0,0,,,,,,,,,,,,,,,,,,,,
2024,9/3/2024,11:15,Sarah Converse,,,Alex Coenen,KP_05,No,Empty - No nest is known to have been initiated,No,0,0,0,0,,,,,,,,,,,,,,,,,,,,
2024,9/10/2024,NA,Alex Coenen,,,Sarah Converse,KP_05,No,Empty - No nest is known to have been initiated,No,0,0,0,0,,,,,,,,,,,,,,,,,,,,
2024,9/17/2024,NA,Alex Coenen,,,Matt Farr,KP_05,No,Empty - No nest is known to have been initiated,No,0,0,0,0,,,,,,,,,,,,,,,,,,,,
2024,9/24/2024,NA,Alex Coenen,,,Matt Farr,KP_05,No,Empty - No nest is known to have been initiated,No,0,0,0,0,,,,,,,,,,,,,,,,,,,,
2024,5/30/2024,NA,Jessie Beck,,,,KP_06,No,Empty - No nest is known to have been initiated,No,0,0,0,0,,,,,,,,,,,,,,,,,,,,
2024,6/6/2024,12:15,Sarah Converse ,,,,KP_06,No,Empty - No nest is known to have been initiated,No,0,0,0,0,,,,,,,,,,,,,,,,,,,,
2024,6/13/2024,13:11,Alex Coenen,,,,KP_06,No,Empty - No nest is known to have been initiated,No,0,0,0,0,,,,,,,,,,,,,,,,,,,,
2024,6/18/2024,15:00,Sarah Converse ,,,,KP_06,No,Empty - No nest is known to have been initiated,No,0,0,0,0,,,,,,,,,,,,,,,,,,,,
2024,6/25/2024,15:47,Amelia DuVall,,,,KP_06,No,Empty - No nest is known to have been initiated,No,0,0,0,0,,,,,,,,,,,,,,,,,,,,
2024,7/2/2024,14:26,Alex Coenen,,,,KP_06,No,Empty - No nest is known to have been initiated,No,0,0,0,0,,,,,,,,,,,,,,,,,,,,
2024,7/9/2024,15:59,Alex Coenen,,,,KP_06,No,Empty - No nest is known to have been initiated,No,0,0,0,0,,,,,,,,,,,,,,,,,,,,
2024,7/16/2024,13:51,Sarah Converse ,,,,KP_06,No,Empty - No nest is known to have been initiated,No,0,0,0,0,,,,,,,,,,,,,,,,,,,,
2024,7/23/2024,14:32,Eve Hallock,,,,KP_06,No,Empty - No nest is known to have been initiated,No,0,0,0,0,,,,,,,,,,,,,,,,,,,,
2024,7/31/2024,13:13,Alex Coenen,,,Eric Wagner,KP_06,No,Empty - No nest is known to have been initiated,No,0,0,0,0,,,,,,,,,,,,,,,,,,,,
2024,8/6/2024,13:30,Alex Coenen,,,Timothy Chen,KP_06,No,Empty - No nest is known to have been initiated,No,0,0,0,0,,,,,,,,,,,,,,,,,,,,
2024,8/15/2024,12:35,Alex Coenen,,,Eve Hallock,KP_06,No,Empty - No nest is known to have been initiated,No,0,0,0,0,,,,,,,,,,,,,,,,,,,,
2024,8/20/2024,10:47,Eric Wagner,,,Alex Coenen,KP_06,No,Empty - No nest is known to have been initiated,No,0,0,0,0,,,,,,,,,,,,,,,,,,,,
2024,8/27/2024,11:15,Alex Coenen,,,Matt Farr,KP_06,No,Empty - No nest is known to have been initiated,No,0,0,0,0,,,,,,,,,,,,,,,,,,,,
2024,9/3/2024,11:15,Sarah Converse,,,Alex Coenen,KP_06,No,Empty - No nest is known to have been initiated,No,0,0,0,0,,,,,,,,,,,,,,,,,,,,
2024,9/10/2024,NA,Alex Coenen,,,Sarah Converse,KP_06,No,Empty - No nest is known to have been initiated,No,0,0,0,0,,,,,,,,,,,,,,,,,,,,
2024,9/17/2024,NA,Alex Coenen,,,Matt Farr,KP_06,No,Empty - No nest is known to have been initiated,No,0,0,0,0,,,,,,,,,,,,,,,,,,,,
2024,9/24/2024,NA,Alex Coenen,,,Matt Farr,KP_06,No,Empty - No nest is known to have been initiated,No,0,0,0,0,,,,,,,,,,,,,,,,,,,,
2024,5/30/2024,NA,Jessie Beck,,,,MAR_01,No,Empty - No nest is known to have been initiated,No,0,0,0,0,,,,,,,,,,,,,,,,,,,,
2024,6/6/2024,13:15,Amelia DuVall,Sarah Converse ,,Matt Farr ,MAR_01,No,Live Eggs in Box ,No,2,0,0,0,New ,53,38.9,59.5,New,53,38.8,62.3,,,,,,,,,,,Eggs Warm,
2024,6/13/2024,10:56,Alex Coenen,Eric Wagner,Eric Wagner,,MAR_01,Yes,Live Eggs in Box ,No,2,0,0,0,Prev,NA,NA,NA,Prev,NA,NA,NA,,,,,,,,,,,,
2024,6/18/2024,11:21,Sarah Converse ,Eric Wagner,,,MAR_01,No,Live Eggs in Box ,at ~1.5m,2,0,0,0,Prev,47,NA,NA,Prev,52,NA,NA,,,,,,,,,,,,
2024,6/25/2024,17:27,Amelia DuVall,Sarah Converse,,Alex Coenen,MAR_01,Yes,Live Eggs in Box ,No,2,0,0,0,Prev,46,NA,NA,Prev,48,NA,NA,,,,,,,,,,,,
2024,7/2/2024,15:55,Alex Coenen,,,,MAR_01,No,Live egg and chick in box,No,1,1,0,0,Prev,,,,,,,,,,,,,,,,,,,
2024,7/9/2024,11:00,Sarah Converse,Alex Coenen,,Eric Wagner,MAR_01,No,Live chicks in box ,Yes (nest with chicks),0,2,0,0,,,,,,,,,32,25.1,13.5,7.7,91,29,25.6,13.2,7.4,91,,
2024,7/16/2024,11:13,Alex Coenen,,,,MAR_01,No,Empty,No,0,0,0,0,,,,,,,,,,,,,,,,,,,,
2024,7/23/2024,11:45,Nate Redon,,,,MAR_01,No,Empty,No,0,0,0,0,,,,,,,,,,,,,,,,,,,,
2024,7/31/2024,11:42,Alex Coenen,,,Eric Wagner,MAR_01,No,Empty,No,0,0,0,0,,,,,,,,,,,,,,,,,,,,
2024,8/6/2024,11:32,Alex Coenen,,,Timothy Chen,MAR_01,No,Empty,No,0,0,0,0,,,,,,,,,,,,,,,,,,,,
2024,8/15/2024,11:20,Alex Coenen,,,Eve Hallock,MAR_01,No,Empty,No,0,0,0,0,,,,,,,,,,,,,,,,,,,,
2024,8/20/2024,13:00,Eric Wagner,,,Alex Coenen,MAR_01,No,Empty,No,0,0,0,0,,,,,,,,,,,,,,,,,,,,
2024,8/27/2024,10:17,Alex Coenen,,,Matt Farr,MAR_01,No,Empty,No,0,0,0,0,,,,,,,,,,,,,,,,,,,,
2024,9/3/2024,11:00,Sarah Converse,,,Alex Coenen,MAR_01,No,Empty,No,0,0,0,0,,,,,,,,,,,,,,,,,,,,
2024,9/10/2024,NA,Alex Coenen,,,Sarah Converse,MAR_01,No,Empty,No,0,0,0,0,,,,,,,,,,,,,,,,,,,,
2024,9/17/2024,NA,Alex Coenen,,,Matt Farr,MAR_01,No,Empty,No,0,0,0,0,,,,,,,,,,,,,,,,,,,,
2024,9/24/2024,NA,Alex Coenen,,,Matt Farr,MAR_01,No,Empty,No,0,0,0,0,,,,,,,,,,,,,,,,,,,,
2024,8/6/2024,11:33,Alex Coenen,,,Timothy Chen,MAR_02,No,Empty,No,0,0,0,0,,,,,,,,,,,,,,,,,,,,
2024,8/15/2024,11:20,Alex Coenen,,,Eve Hallock,MAR_02,No,Empty,No,0,0,0,0,,,,,,,,,,,,,,,,,,,,
2024,8/20/2024,13:00,Eric Wagner,,,Alex Coenen,MAR_02,No,Empty,No,0,0,0,0,,,,,,,,,,,,,,,,,,,,
2024,8/27/2024,10:17,Alex Coenen,,,Matt Farr,MAR_02,No,Empty,No,0,0,0,0,,,,,,,,,,,,,,,,,,,,
2024,9/3/2024,11:00,Sarah Converse,,,Alex Coenen,MAR_02,No,Empty,No,0,0,0,0,,,,,,,,,,,,,,,,,,,,
2024,9/10/2024,NA,Alex Coenen,,,Sarah Converse,MAR_02,No,Empty,No,0,0,0,0,,,,,,,,,,,,,,,,,,,,
2024,9/17/2024,NA,Alex Coenen,,,Matt Farr,MAR_02,No,Empty,No,0,0,0,0,,,,,,,,,,,,,,,,,,,,
2024,9/24/2024,NA,Alex Coenen,,,Matt Farr,MAR_02,No,Empty,No,0,0,0,0,,,,,,,,,,,,,,,,,,,,
2024,5/30/2024,10:04,Jessie Beck,Eric Wagner,,,MAR_03,No,Live Eggs in Box ,No,1,0,0,0,New ,57,41.8,61.7,,,,,,,,,,,,,,,,
2024,6/6/2024,13:26,Amelia DuVall,Sarah Converse ,,Matt Farr ,MAR_03,No,Live Eggs in Box ,No,2,0,0,0,Prev,58,41.5,61.2,New,56,41.1,61.3,,,,,,,,,,,Eggs Warm,
2024,6/13/2024,10:57,Alex Coenen,Eric Wagner,,,MAR_03,No,Live Eggs in Box ,Yes (nest with eggs),2,0,0,0,Prev,56,NA,NA,Prev,56,NA,NA,,,,,,,,,,,,
2024,6/18/2024,11:25,Sarah Converse ,Eric Wagner,,,MAR_03,No,Live Eggs in Box ,No,2,0,0,0,Prev,56,NA,NA,Prev,56,NA,NA,,,,,,,,,,,,
2024,6/25/2024,18:13,Amelia DuVall,Sarah Converse,,Alex Coenen,MAR_03,Yes,Live Eggs in Box ,Yes,2,0,0,0,Prev,53,NA,NA,Prev,54,NA,NA,,,,,,,,,,,,
2024,7/2/2024,15:55,Alex Coenen,,,,MAR_03,No,Live chicks in box ,Yes (nest with eggs),0,2,0,0,,,,,,,,,,,,,,,,,,,,
2024,7/9/2024,11:10,Sarah Converse,,,,MAR_03,No,Dead Chick in box,No,0,0,1,0,,,,,,,,,,,,,,,,,,,,
2024,7/16/2024,11:14,Alex Coenen,,,,MAR_03,No,Empty,No,0,0,0,0,,,,,,,,,,,,,,,,,,,,
2024,7/23/2024,11:50,Nate Redon,,,,MAR_03,No,Empty,No,0,0,0,0,,,,,,,,,,,,,,,,,,,,
2024,7/31/2024,11:42,Alex Coenen,,,Eric Wagner,MAR_03,No,Empty,No,0,0,0,0,,,,,,,,,,,,,,,,,,,,
2024,8/6/2024,11:34,Alex Coenen,,,Timothy Chen,MAR_03,No,Empty,No,0,0,0,0,,,,,,,,,,,,,,,,,,,,
2024,8/15/2024,11:20,Alex Coenen,,,Eve Hallock,MAR_03,No,Empty,No,0,0,0,0,,,,,,,,,,,,,,,,,,,,
2024,8/20/2024,13:00,Eric Wagner,,,Alex Coenen,MAR_03,No,Empty,No,0,0,0,0,,,,,,,,,,,,,,,,,,,,
2024,8/27/2024,10:17,Alex Coenen,,,Matt Farr,MAR_03,No,Empty,No,0,0,0,0,,,,,,,,,,,,,,,,,,,,
2024,9/3/2024,11:00,Sarah Converse,,,Alex Coenen,MAR_03,No,Empty,No,0,0,0,0,,,,,,,,,,,,,,,,,,,,
2024,9/10/2024,NA,Alex Coenen,,,Sarah Converse,MAR_03,No,Empty,No,0,0,0,0,,,,,,,,,,,,,,,,,,,,
2024,9/17/2024,NA,Alex Coenen,,,Matt Farr,MAR_03,No,Empty,No,0,0,0,0,,,,,,,,,,,,,,,,,,,,
2024,9/24/2024,NA,Alex Coenen,,,Matt Farr,MAR_03,No,Empty,No,0,0,0,0,,,,,,,,,,,,,,,,,,,,
2024,5/30/2024,10:15,Jessie Beck,Eric Wagner,,,MAR_04,No,Live Eggs in Box ,No,2,0,0,0,New ,51,40.3,61.8,New,49,40.4,59.1,,,,,,,,,,,Eggs cool ,
2024,6/6/2024,13:33,"Amelia DuVall, Sarah Converse, Matt Farr",,,,MAR_04,Yes,Live Eggs in Box ,No,2,0,0,0,Prev,54,40.1,61.7,Prev,51,40.2,58.8,,,,,,,,,,,Eggs Warm,
2024,6/13/2024,11:01,Eric Wagner,Eric Wagner,Alex Coenen,,MAR_04,Yes,Live Eggs in Box ,Yes (nest with eggs),2,0,0,0,Prev,53,NA,NA,Prev,52,NA,NA,,,,,,,,,,,,
2024,6/18/2024,11:28,Sarah Converse ,Eric Wagner,,,MAR_04,No,Live chicks in box ,No,0,2,0,0,,,,,,,,,37,23.5,12,6.6,43,36,18.5,11.7,6,40,,
2024,6/26/2024,9:10,Amelia DuVall,Alex Coenen,,Sarah Converse,MAR_04,No,Live chicks in box ,Yes (nest with eggs),0,2,0,0,,,,,,,,,36,27.1,15.9,8.1,116,33,24,16,8.4,64,,"AJD has photos (chick 1-ID:3936, chick 2-ID:3937)"
2024,7/2/2024,15:56,Alex Coenen,,,,MAR_04,No,Live chick and dead chick in box ,Yes (nest with eggs),0,1,1,0,,,,,,,,,,,,,,,,,,,,
2024,7/9/2024,11:05,Sarah Converse ,,,,MAR_04,No,Empty,No,0,0,0,0,,,,,,,,,,,,,,,,,,,,
2024,7/16/2024,11:14,Alex Coenen,,,,MAR_04,No,Empty,No,0,0,0,0,,,,,,,,,,,,,,,,,,,,
2024,7/23/2024,11:50,Nate Redon,,,,MAR_04,No,Empty,No,0,0,0,0,,,,,,,,,,,,,,,,,,,,
2024,7/31/2024,11:42,Alex Coenen,,,Eric Wagner,MAR_04,No,Empty,No,0,0,0,0,,,,,,,,,,,,,,,,,,,,
2024,8/6/2024,11:35,Alex Coenen,,,Timothy Chen,MAR_04,No,Empty,No,0,0,0,0,,,,,,,,,,,,,,,,,,,,
2024,8/15/2024,11:20,Alex Coenen,,,Eve Hallock,MAR_04,No,Empty,No,0,0,0,0,,,,,,,,,,,,,,,,,,,,
2024,8/20/2024,13:00,Eric Wagner,,,Alex Coenen,MAR_04,No,Empty,No,0,0,0,0,,,,,,,,,,,,,,,,,,,,
2024,8/27/2024,10:17,Alex Coenen,,,Matt Farr,MAR_04,No,Empty,No,0,0,0,0,,,,,,,,,,,,,,,,,,,,
2024,9/3/2024,11:00,Sarah Converse,,,Alex Coenen,MAR_04,No,Empty,No,0,0,0,0,,,,,,,,,,,,,,,,,,,,
2024,9/10/2024,NA,Alex Coenen,,,Sarah Converse,MAR_04,No,Empty,No,0,0,0,0,,,,,,,,,,,,,,,,,,,,
2024,9/17/2024,NA,Alex Coenen,,,Matt Farr,MAR_04,No,Empty,No,0,0,0,0,,,,,,,,,,,,,,,,,,,,
2024,9/24/2024,NA,Alex Coenen,,,Matt Farr,MAR_04,No,Empty,No,0,0,0,0,,,,,,,,,,,,,,,,,,,,
2024,5/30/2024,10:24,Jessie Beck,Eric Wagner,,,MAR_05,No,Live Eggs in Box ,No,2,0,0,0,New ,55,40.5,61.7,New,54,41.1,61,,,,,,,,,,,Eggs cool ,
2024,6/6/2024,13:49,"Amelia DuVall, Sarah Converse, Matt Farr",,,,MAR_05,Yes,Live Eggs in Box ,Yes,2,0,0,0,Prev,54,40.5,61.7,Prev,57,40.9,60.9,,,,,,,,,,,Eggs Lukewarm,
2024,6/13/2024,11:25,Alex Coenen,Eric Wagner,,,MAR_05,No,Live Eggs in Box ,Yes (nest with eggs),2,0,0,0,Prev,54,NA,NA,Prev,54,NA,NA,,,,,,,,,,,,
2024,6/18/2024,11:38,Sarah Converse ,Eric Wagner,,,MAR_05,Yes,Live Eggs in Box ,Yes,2,0,0,0,Prev,51,NA,NA,Prev,52,NA,NA,,,,,,,,,,,,
2024,6/26/2024,9:15,Amelia DuVall,Alex Coenen,,Sarah Converse,MAR_05,No,Live chicks in box ,Yes (nest with eggs),0,2,0,0,,,,,,,,,28,22.1,13.5,8,85,28,24.3,15.2,8.2,89,,
2024,7/2/2024,15:57,Alex Coenen,,,,MAR_05,No,Live chicks in box ,Yes (nest with eggs),0,2,0,0,,,,,,,,,,,,,,,,,,,,
2024,7/9/2024,11:14,Sarah Converse,Alex Coenen,Eric Wagner,,MAR_05,No,"Live chick, dead chick in box ",Yes (empty),0,1,1,0,,,,,,,,,69,31.6,18.5,10,188,,,,,,dead chick collected,
2024,7/16/2024,11:14,Alex Coenen,,,,MAR_05,No,Empty,No,0,0,0,0,,,,,,,,,,,,,,,,,,,,
2024,7/23/2024,11:51,Nate Redon,,,,MAR_05,No,Empty,No,0,0,0,0,,,,,,,,,,,,,,,,,,,,
2024,7/31/2024,11:43,Alex Coenen,,,Eric Wagner,MAR_05,No,Empty,No,0,0,0,0,,,,,,,,,,,,,,,,,,,,
2024,8/6/2024,11:36,Alex Coenen,,,Timothy Chen,MAR_05,No,Empty,No,0,0,0,0,,,,,,,,,,,,,,,,,,,,
2024,8/15/2024,11:21,Alex Coenen,,,Eve Hallock,MAR_05,No,Empty,No,0,0,0,0,,,,,,,,,,,,,,,,,,,,
2024,8/20/2024,13:00,Eric Wagner,,,Alex Coenen,MAR_05,No,Empty,No,0,0,0,0,,,,,,,,,,,,,,,,,,,,
2024,8/27/2024,10:17,Alex Coenen,,,Matt Farr,MAR_05,No,Empty,No,0,0,0,0,,,,,,,,,,,,,,,,,,,,
2024,9/3/2024,11:00,Sarah Converse,,,Alex Coenen,MAR_05,No,Empty,No,0,0,0,0,,,,,,,,,,,,,,,,,,,,
2024,9/10/2024,NA,Alex Coenen,,,Sarah Converse,MAR_05,No,Empty,No,0,0,0,0,,,,,,,,,,,,,,,,,,,,
2024,9/17/2024,NA,Alex Coenen,,,Matt Farr,MAR_05,No,Empty,No,0,0,0,0,,,,,,,,,,,,,,,,,,,,
2024,9/24/2024,NA,Alex Coenen,,,Matt Farr,MAR_05,No,Empty,No,0,0,0,0,,,,,,,,,,,,,,,,,,,,
2024,5/30/2024,10:32,Jessie Beck,Eric Wagner,,,MAR_06,No,Live Eggs in Box ,No,2,0,0,0,New ,55,40.6,60.2,New,54,40,59.9,,,,,,,,,,,Eggs cool ,
2024,6/6/2024,13:54,"Amelia DuVall, Sarah Converse, Matt Farr",,,,MAR_06,No,Live Eggs in Box ,Yes (nest structure only),2,0,0,0,Prev,55,40.3,60.2,Prev,52,39.6,60,,,,,,,,,,,Eggs Warm,
2024,6/13/2024,11:26,Alex Coenen,Eric Wagner,,,MAR_06,No,Live Eggs in Box ,No,2,0,0,0,Prev,52,NA,NA,Prev,52,NA,NA,,,,,,,,,,,,
2024,6/18/2024,12:00,Sarah Converse ,Eric Wagner,,,MAR_06,No,Live Eggs in Box ,No,2,0,0,0,Prev,50,NA,NA,Prev,51,NA,NA,,,,,,,,,,,,
2024,6/26/2024,9:25,Amelia DuVall,Alex Coenen,,Sarah Converse,MAR_06,No,Live chicks in box ,No,0,2,0,0,,,,,,,,,25,21.4,11.7,7.2,56,27,25.5,13.2,7.9,87,,
2024,7/2/2024,15:57,Alex Coenen,,,,MAR_06,No,Live chicks in box ,Yes (nest with eggs),0,2,0,0,,,,,,,,,,,,,,,,,,,,
2024,7/9/2024,11:33,Sarah Converse,Alex Coenen,,Eric Wagner,MAR_06,No,Live chicks in box ,No,0,1,0,0,,,,,,,,,73,31.8,18.3,9.1,16.7,,,,,,,
2024,7/16/2024,11:15,Alex Coenen,Alex Coenen,,Sarah Converse ,MAR_06,No,Live chicks in box ,No,0,1,0,0,,,,,,,,,93,36.6,22.5,9.9,145,,,,,,,
2024,7/23/2024,11:51,Nate Redon,,,,MAR_06,No,Empty,No,0,0,0,0,,,,,,,,,,,,,,,,,,,,
2024,7/31/2024,11:43,Alex Coenen,,,Eric Wagner,MAR_06,No,Empty,No,0,0,0,0,,,,,,,,,,,,,,,,,,,,
2024,8/6/2024,11:36,Alex Coenen,,,Timothy Chen,MAR_06,No,Empty,No,0,0,0,0,,,,,,,,,,,,,,,,,,,,
2024,8/15/2024,11:22,Alex Coenen,,,Eve Hallock,MAR_06,No,Empty,No,0,0,0,0,,,,,,,,,,,,,,,,,,,,
2024,8/20/2024,13:00,Eric Wagner,,,Alex Coenen,MAR_06,No,Empty,No,0,0,0,0,,,,,,,,,,,,,,,,,,,,
2024,8/27/2024,10:18,Alex Coenen,,,Matt Farr,MAR_06,No,Empty,No,0,0,0,0,,,,,,,,,,,,,,,,,,,,
2024,9/3/2024,11:00,Sarah Converse,,,Alex Coenen,MAR_06,No,Empty,No,0,0,0,0,,,,,,,,,,,,,,,,,,,,
2024,9/10/2024,NA,Alex Coenen,,,Sarah Converse,MAR_06,No,Empty,No,0,0,0,0,,,,,,,,,,,,,,,,,,,,
2024,9/17/2024,NA,Alex Coenen,,,Matt Farr,MAR_06,No,Empty,No,0,0,0,0,,,,,,,,,,,,,,,,,,,,
2024,9/24/2024,NA,Alex Coenen,,,Matt Farr,MAR_06,No,Empty,No,0,0,0,0,,,,,,,,,,,,,,,,,,,,
2024,5/30/2024,10:37,Jessie Beck,Eric Wagner,,,MAR_07,No,Live Eggs in Box ,No,1,0,0,0,New ,55,41.1,58.8,,,,,,,,,,,,,,,,
2024,6/6/2024,14:00,"Amelia DuVall, Sarah Converse, Matt Farr",,,,MAR_07,No,Live Eggs in Box ,Yes (nest with eggs),1,0,0,0,Prev,54,41,58.7,,,,,,,,,,,,,,,Egg Cool,
2024,6/13/2024,11:31,Alex Coenen,Eric Wagner,,,MAR_07,No,Live Eggs in Box ,Yes (nest with eggs),1,0,0,0,Prev,53,NA,NA,,,,,,,,,,,,,,,,
2024,6/18/2024,12:04,Sarah Converse ,Eric Wagner,,,MAR_07,No,Live Eggs in Box ,Yes,1,0,0,0,Prev,53,NA,NA,,,,,,,,,,,,,,,,
2024,6/26/2024,9:30,Amelia DuVall,Alex Coenen,,Sarah Converse,MAR_07,No,Live chicks in box ,Yes (nest with eggs),0,1,0,0,,,,,,,,,26,23.7,12.5,7.8,60,,,,,,,
2024,7/2/2024,15:58,Alex Coenen,,,,MAR_07,No,Live chicks in box ,Yes (nest with eggs),0,1,0,0,,,,,,,,,,,,,,,,,,,,
2024,7/9/2024,11:37,Sarah Converse,Alex Coenen,Eric Wagner,Eric Wagner,MAR_07,No,Live chicks in box ,Yes (nest with eggs),0,1,0,0,,,,,,,,,73,30.5,18.2,7.7,206,,,,,,,
2024,7/16/2024,11:23,Alex Coenen,Alex Coenen,,Sarah Converse ,MAR_07,No,Live chicks in box ,Yes,0,1,0,0,,,,,,,,,98,34.5,24.2,9.4,293,,,,,,,
2024,7/23/2024,11:52,Nate Redon,,,,MAR_07,No,Empty,No,0,0,0,0,,,,,,,,,,,,,,,,,,,,
2024,7/31/2024,11:43,Alex Coenen,,,Eric Wagner,MAR_07,No,Empty,No,0,0,0,0,,,,,,,,,,,,,,,,,,,,
2024,8/6/2024,11:36,Alex Coenen,,,Timothy Chen,MAR_07,No,Empty,No,0,0,0,0,,,,,,,,,,,,,,,,,,,,
2024,8/15/2024,11:22,Alex Coenen,,,Eve Hallock,MAR_07,No,Empty,No,0,0,0,0,,,,,,,,,,,,,,,,,,,,
2024,8/20/2024,13:00,Eric Wagner,,,Alex Coenen,MAR_07,No,Empty,No,0,0,0,0,,,,,,,,,,,,,,,,,,,,
2024,8/27/2024,10:18,Alex Coenen,,,Matt Farr,MAR_07,No,Empty,No,0,0,0,0,,,,,,,,,,,,,,,,,,,,
2024,9/3/2024,11:00,Sarah Converse,,,Alex Coenen,MAR_07,No,Empty,No,0,0,0,0,,,,,,,,,,,,,,,,,,,,
2024,9/10/2024,NA,Alex Coenen,,,Sarah Converse,MAR_07,No,Empty,No,0,0,0,0,,,,,,,,,,,,,,,,,,,,
2024,9/17/2024,NA,Alex Coenen,,,Matt Farr,MAR_07,No,Empty,No,0,0,0,0,,,,,,,,,,,,,,,,,,,,
2024,9/24/2024,NA,Alex Coenen,,,Matt Farr,MAR_07,No,Empty,No,0,0,0,0,,,,,,,,,,,,,,,,,,,,
2024,5/30/2024,10:41,Jessie Beck,Eric Wagner,,,MAR_08,No,Live Eggs in Box ,No,2,0,0,0,New ,52,40.1,59.6,New ,51,40.3,57.5,,,,,,,,,,,,
2024,6/6/2024,14:04,"Amelia DuVall, Sarah Converse, Matt Farr",,,,MAR_08,No,Live Eggs in Box ,No,2,0,0,0,Prev,52,39.9,59.5,Prev,49,40.2,57.5,,,,,,,,,,,Eggs Lukewarm,
2024,6/13/2024,11:32,Alex Coenen,Eric Wagner,,,MAR_08,No,Live Eggs in Box ,No,2,0,0,0,Prev,50,NA,NA,Prev,48,NA,NA,,,,,,,,,,,,
2024,6/18/2024,12:06,Sarah Converse ,Eric Wagner,,,MAR_08,No,Live Eggs in Box ,No,2,0,0,0,Prev,51,NA,NA,Prev,51,NA,NA,,,,,,,,,,,Eggs are cool,
2024,6/26/2024,9:35,Amelia DuVall,Alex Coenen,,Sarah Converse,MAR_08,No,Live chicks in box ,No,0,2,0,0,,,,,,,,,26,21,13.7,7.9,61,25,20.1,10.8,6.6,47,,
2024,7/2/2024,15:58,Alex Coenen,,,,MAR_08,No,Live chicks in box ,No,0,2,0,0,,,,,,,,,,,,,,,,,,,,
2024,7/9/2024,11:51,Sarah Converse,Alex Coenen,Eric Wagner,Eric Wagner,MAR_08,No,Live chicks in box ,Yes (2 chicks and 1 egg),0,2,0,0,,,,,,,,,68,32.2,21.2,10.2,201,73,33.7,20.2,8.4,229,,
2024,7/16/2024,11:30,Alex Coenen,Alex Coenen,,Sarah Converse ,MAR_08,No,Live chicks in box ,Yes (with chicks),0,2,0,0,,,,,,,,,94,33.1,25,9,253,103,36.1,25.4,10,281,,
2024,7/23/2024,11:55,Nate Redon,Eve Hallock,,Alex Coenen,MAR_08,No,Live chicks in box ,No,0,2,0,0,,,,,,,,,126,37,26.1,10,297,114,34.3,25.3,9.1,176,,
2024,7/31/2024,11:43,Alex Coenen,,,Eric Wagner,MAR_08,No,Empty,No,0,0,0,0,,,,,,,,,,,,,,,,,,,,
2024,8/6/2024,11:36,Alex Coenen,,,Timothy Chen,MAR_08,No,Empty,No,0,0,0,0,,,,,,,,,,,,,,,,,,,,
2024,8/15/2024,11:22,Alex Coenen,,,Eve Hallock,MAR_08,No,Empty,No,0,0,0,0,,,,,,,,,,,,,,,,,,,,
2024,8/20/2024,13:00,Eric Wagner,,,Alex Coenen,MAR_08,No,Empty,No,0,0,0,0,,,,,,,,,,,,,,,,,,,,
2024,8/27/2024,10:18,Alex Coenen,,,Matt Farr,MAR_08,No,Empty,No,0,0,0,0,,,,,,,,,,,,,,,,,,,,
2024,9/3/2024,11:00,Sarah Converse,,,Alex Coenen,MAR_08,No,Empty,No,0,0,0,0,,,,,,,,,,,,,,,,,,,,
2024,9/10/2024,NA,Alex Coenen,,,Sarah Converse,MAR_08,No,Empty,No,0,0,0,0,,,,,,,,,,,,,,,,,,,,
2024,9/17/2024,NA,Alex Coenen,,,Matt Farr,MAR_08,No,Empty,No,0,0,0,0,,,,,,,,,,,,,,,,,,,,
2024,9/24/2024,NA,Alex Coenen,,,Matt Farr,MAR_08,No,Empty,No,0,0,0,0,,,,,,,,,,,,,,,,,,,,
2024,5/30/2024,10:49,Jessie Beck,Eric Wagner,,,MAR_09,No,Live Eggs in Box ,No,2,0,0,0,New ,55,40.8,61.5,New ,55,41.3,60.9,,,,,,,,,,,,
2024,6/6/2024,14:09,"Amelia DuVall, Sarah Converse, Matt Farr",,,,MAR_09,Yes,Live Eggs in Box ,Yes (nest structure only),2,0,0,0,Prev,55,40.2,61.4,Prev,53,41,60.8,,,,,,,,,,,Eggs Warm,
2024,6/13/2024,11:34,Alex Coenen,Eric Wagner,,,MAR_09,No,Live Eggs in Box ,Yes (nest with eggs),2,0,0,0,Prev,52,NA,NA,Prev,53,NA,NA,,,,,,,,,,,,
2024,6/18/2024,12:08,Sarah Converse ,Eric Wagner,,,MAR_09,No,Live Eggs in Box ,Yes,2,0,0,0,Prev,50,NA,NA,Prev,50,NA,NA,,,,,,,,,,,Eggs are cool,
2024,6/26/2024,9:40,Amelia DuVall,Sarah Converse,,Alex Coenen,MAR_09,No,Live chicks in box ,Yes (nest with eggs),0,2,0,0,,,,,,,,,32,24.7,17.3,9.5,96,28,24.7,14.5,8.1,70,,
2024,7/2/2024,15:58,Alex Coenen,,,,MAR_09,No,Live chicks in box ,Yes (nest with eggs),0,2,0,0,,,,,,,,,,,,,,,,,,,,
2024,7/9/2024,12:11,Alex Coenen,Sarah Converse,Sarah Converse,Eric Wagner,MAR_09,No,Live chicks in box ,Yes (nest with hatching eggs),0,2,0,0,,,,,,,,,83,36.1,24.1,10.4,240,78,34.5,25,10.4,238,,
2024,7/16/2024,11:37,Alex Coenen,Alex Coenen,,Sarah Converse ,MAR_09,No,Live chicks in box ,Yes,0,1,0,0,,,,,,,,,108,36.7,24.6,10.2,221,,,,,,,
2024,7/23/2024,12:00,Nate Redon,,,,MAR_09,No,Empty,No,0,0,0,0,,,,,,,,,,,,,,,,,,,,
2024,7/31/2024,11:44,Alex Coenen,,,Eric Wagner,MAR_09,No,Empty,No,0,0,0,0,,,,,,,,,,,,,,,,,,,,
2024,8/6/2024,11:36,Alex Coenen,,,Timothy Chen,MAR_09,No,Empty,No,0,0,0,0,,,,,,,,,,,,,,,,,,,,
2024,8/15/2024,11:23,Alex Coenen,,,Eve Hallock,MAR_09,No,Empty,No,0,0,0,0,,,,,,,,,,,,,,,,,,,,
2024,8/20/2024,13:00,Eric Wagner,,,Alex Coenen,MAR_09,No,Empty,No,0,0,0,0,,,,,,,,,,,,,,,,,,,,
2024,8/27/2024,10:18,Alex Coenen,,,Matt Farr,MAR_09,No,Empty,No,0,0,0,0,,,,,,,,,,,,,,,,,,,,
2024,9/3/2024,11:00,Sarah Converse,,,Alex Coenen,MAR_09,No,Empty,No,0,0,0,0,,,,,,,,,,,,,,,,,,,,
2024,9/10/2024,NA,Alex Coenen,,,Sarah Converse,MAR_09,No,Empty,No,0,0,0,0,,,,,,,,,,,,,,,,,,,,
2024,9/17/2024,NA,Alex Coenen,,,Matt Farr,MAR_09,No,Empty,No,0,0,0,0,,,,,,,,,,,,,,,,,,,,
2024,9/24/2024,NA,Alex Coenen,,,Matt Farr,MAR_09,No,Empty,No,0,0,0,0,,,,,,,,,,,,,,,,,,,,
2024,5/30/2024,10:56,Jessie Beck,Eric Wagner,,,MAR_10,No,Live Eggs in Box ,No,2,0,0,0,New ,59,40.6,65.8,New ,60,42,62,,,,,,,,,,,,
2024,6/6/2024,14:22,"Amelia DuVall, Sarah Converse, Matt Farr",,,,MAR_10,Yes,Live Eggs in Box ,No,2,0,0,0,Prev,60,40,65.8,Prev,60,42,61.8,,,,,,,,,,,Eggs Warm,
2024,6/13/2024,11:36,Alex Coenen,Eric Wagner,,,MAR_10,No,Live Eggs in Box ,No,2,0,0,0,Prev,53,NA,NA,Prev,53,NA,NA,,,,,,,,,,,,
2024,6/18/2024,12:10,Sarah Converse ,Eric Wagner,,,MAR_10,Yes,Live Eggs in Box ,No,2,0,0,0,Prev,57,NA,NA,Prev,57,NA,NA,,,,,,,,,,,,
2024,6/26/2024,9:45,Amelia DuVall,Sarah Converse,,Alex Coenen,MAR_10,Yes,Live Eggs in Box ,No,2,0,0,0,Prev,57,NA,NA,Prev,57,NA,NA,,,,,,,,,,,,AJD has photo IMG_3946
2024,7/2/2024,15:59,Alex Coenen,,,,MAR_10,No,Live egg and chick in box,No,1,1,0,0,Prev,,,,,,,,,,,,,,,,,,,
2024,7/9/2024,12:33,Sarah Converse,Alex Coenen,,Eric Wagner,MAR_10,No,Live chick dead egg in box ,No,1,1,0,0,Prev,56,,,,,,,48,27,16.2,8.5,161,,,,,,"Egg is cold, collected. Min 39 days. In bad w/ red closure",
2024,7/16/2024,11:42,Alex Coenen,Alex Coenen,Alex Coenen,Sarah Converse ,MAR_10,No,Live chicks in box ,No,0,1,0,0,,,,,,,,,78,32.9,23.1,9.3,242,,,,,,,
2024,7/23/2024,12:01,Nate Redon,Eve Hallock,,Alex Coenen,MAR_10,No,Live chicks in box ,No,0,1,0,0,,,,,,,,,103,30.6,25.8,10.1,308,,,,,,,
2024,7/31/2024,11:44,Alex Coenen,,,Eric Wagner,MAR_10,No,Empty,No,0,0,0,0,,,,,,,,,,,,,,,,,,,,
2024,8/6/2024,11:36,Alex Coenen,,,Timothy Chen,MAR_10,No,Empty,No,0,0,0,0,,,,,,,,,,,,,,,,,,,,
2024,8/15/2024,11:25,Eve Hallock,Alex Coenen,,,MAR_10,No,Live chicks in box ,No,0,1,0,0,,,,,,,,,149,33.1,26.4,16.1,355,,,,,,,
2024,8/20/2024,13:00,Eric Wagner,,,Alex Coenen,MAR_10,No,Empty,No,0,0,0,0,,,,,,,,,,,,,,,,,,,,
2024,8/27/2024,10:18,Alex Coenen,,,Matt Farr,MAR_10,No,Empty,No,0,0,0,0,,,,,,,,,,,,,,,,,,,,
2024,9/3/2024,11:00,Sarah Converse,,,Alex Coenen,MAR_10,No,Empty,No,0,0,0,0,,,,,,,,,,,,,,,,,,,,
2024,9/10/2024,NA,Alex Coenen,,,Sarah Converse,MAR_10,No,Empty,No,0,0,0,0,,,,,,,,,,,,,,,,,,,,
2024,9/17/2024,NA,Alex Coenen,,,Matt Farr,MAR_10,No,Empty,No,0,0,0,0,,,,,,,,,,,,,,,,,,,,
2024,9/24/2024,NA,Alex Coenen,,,Matt Farr,MAR_10,No,Empty,No,0,0,0,0,,,,,,,,,,,,,,,,,,,,
2024,5/30/2024,NA,Jessie Beck,,,,MAR_11,No,Empty - No nest is known to have been initiated,No,0,0,0,0,,,,,,,,,,,,,,,,,,,,
2024,6/6/2024,14:43,"Amelia DuVall, Sarah Converse, Matt Farr",,,,MAR_11,No,Live Eggs in Box ,No,2,0,0,0,New,53,40.4,58.8,New,54,39.6,60.8,,,,,,,,,,,,
2024,6/13/2024,11:38,Alex Coenen,Eric Wagner,,,MAR_11,No,Live Eggs in Box ,No,2,0,0,0,Prev,54,NA,NA,Prev,54,NA,NA,,,,,,,,,,,,
2024,6/18/2024,12:31,Sarah Converse ,Eric Wagner,,,MAR_11,No,Live Eggs in Box ,No,2,0,0,0,Prev,52,NA,NA,Prev,55,NA,NA,,,,,,,,,,,Eggs are cool ,
2024,6/26/2024,10:02,Amelia DuVall,Sarah Converse,,Alex Coenen,MAR_11,No,Live Eggs in Box ,No,2,0,0,0,Prev,49,NA,NA,Prev,53,NA,NA,,,,,,,,,,,,eggs slightly cold
2024,7/2/2024,16:00,Alex Coenen,Eric Wagner,,Sarah Converse ,MAR_11,Yes,Live egg and chick in box,No,1,1,0,0,Prev,,,,,,,,,,,,,,,,,,chick was very newly hatched (wet),
2024,7/9/2024,12:39,Alex Coenen,Sarah Converse,,Eric Wagner,MAR_11,No,Live chicks in box ,No,0,2,0,0,,,,,,,,,31,25.4,16,9.2,80,30,24.3,15.4,7.8,74,,
2024,7/16/2024,11:59,Alex Coenen,Alex Coenen,,Sarah Converse ,MAR_11,No,Live chicks in box ,No,0,2,0,0,,,,,,,,,58,30.2,18,8.3,153,46,25,18.6,8.9,136,,
2024,7/23/2024,12:09,Nate Redon,,,,MAR_11,No,Live chicks in box ,No,0,2,0,0,,,,,,,,,77,33.1,20,10,230,78,32.4,20.2,13.9,275,,
2024,7/31/2024,11:47,Eric Wagner,Alex Coenen,,,MAR_11,No,Live chicks in box ,No,0,2,0,0,,,,,,,,,111,34.2,24.8,10.1,236,106,33.4,22.2,10,211,,
2024,8/6/2024,11:36,Timothy Chen,Alex Coenen,,Timothy Chen,MAR_11,No,Live chicks in box ,No,0,1,0,0,,,,,,,,,128,35.6,26.2,10.1,262,,,,,,"just one chick, other likely fledged. no carcass nearby",
2024,8/15/2024,11:34,Alex Coenen,,,Eve Hallock,MAR_11,No,Empty,No,0,0,0,0,,,,,,,,,,,,,,,,,,,,
2024,8/20/2024,13:00,Alex Coenen,Alex Coenen,,Eric Wagner,MAR_11,No,Live chicks in box,No,0,1,0,0,,,,,,,,,159,35.1,29.1,10.8,351,,,,,,not sure why this chick is not flegding,
2024,8/27/2024,10:19,Alex Coenen,,,Matt Farr,MAR_11,No,Empty,No,0,0,0,0,,,,,,,,,,,,,,,,,,,,
2024,9/3/2024,11:00,Sarah Converse,,,Alex Coenen,MAR_11,No,Empty,No,0,0,0,0,,,,,,,,,,,,,,,,,,,,
2024,9/10/2024,NA,Alex Coenen,,,Sarah Converse,MAR_11,No,Empty,No,0,0,0,0,,,,,,,,,,,,,,,,,,,,
2024,9/17/2024,NA,Alex Coenen,,,Matt Farr,MAR_11,No,Empty,No,0,0,0,0,,,,,,,,,,,,,,,,,,,,
2024,9/24/2024,NA,Alex Coenen,,,Matt Farr,MAR_11,No,Empty,No,0,0,0,0,,,,,,,,,,,,,,,,,,,,
2024,5/30/2024,11:03,Jessie Beck,Eric Wagner,,,MAR_12,No,Live Eggs in Box ,No,1,0,0,0,New,46,38.2,56.5,,,,,,,,,,,,,,,,
2024,6/6/2024,14:48,"Amelia DuVall, Sarah Converse, Matt Farr",,,,MAR_12,No,Live Eggs in Box ,No,2,0,0,0,Prev,46,38.2,56.4,New,50,39,59.2,,,,,,,,,,,,
2024,6/13/2024,11:40,Alex Coenen,Eric Wagner,,,MAR_12,No,Live Eggs in Box ,No,2,0,0,0,Prev,50,NA,NA,Prev,54,NA,NA,,,,,,,,,,,,
2024,6/18/2024,12:34,Sarah Converse ,Eric Wagner,,,MAR_12,Yes,Live Eggs in Box ,No,2,0,0,0,Prev,40,NA,NA,Prev,45,NA,NA,,,,,,,,,,,,
2024,6/26/2024,10:04,Amelia DuVall,Sarah Converse,,Alex Coenen,MAR_12,No,Live Eggs in Box ,No,2,0,0,0,Prev,39,NA,NA,Prev,43,NA,NA,,,,,,,,,,,,egg is chirping!
2024,7/2/2024,16:12,Alex Coenen,,,,MAR_12,No,Live chicks in box ,No,0,2,0,0,,,,,,,,,,,,,,,,,,,,
2024,7/9/2024,12:46,Alex Coenen,Sarah Converse,,Eric Wagner,MAR_12,No,Live chicks in box ,No,0,2,0,0,,,,,,,,,50,30.1,18.7,9.2,166,49,31.5,20.2,10.6,191,,
2024,7/16/2024,12:09,Alex Coenen,Alex Coenen,Alex Coenen,Sarah Converse ,MAR_12,No,Live chick and dead chick in box ,No,0,1,1,0,,,,,,,,,76,34.4,21.4,9.6,233,,,,,,Collected dead chick,
2024,7/23/2024,12:30,Nate Redon,Eve Hallock,,Alex Coenen,MAR_12,No,Live chicks in box ,Yes (chick),0,1,0,0,,,,,,,,,107,32.7,25.4,10.7,284,,,,,,,
2024,7/31/2024,11:59,Alex Coenen,,,Eric Wagner,MAR_12,No,Empty,No,0,0,0,0,,,,,,,,,,,,,,,,,,,,
2024,8/6/2024,11:47,Alex Coenen,,,Timothy Chen,MAR_12,No,Empty,No,0,0,0,0,,,,,,,,,,,,,,,,,,,,
2024,8/15/2024,11:35,Alex Coenen,,,Eve Hallock,MAR_12,No,Empty,No,0,0,0,0,,,,,,,,,,,,,,,,,,,,
2024,8/20/2024,12:59,Eric Wagner,,,Alex Coenen,MAR_12,No,Empty,No,0,0,0,0,,,,,,,,,,,,,,,,,,,,
2024,8/27/2024,10:19,Alex Coenen,,,Matt Farr,MAR_12,No,Empty,No,0,0,0,0,,,,,,,,,,,,,,,,,,,,
2024,9/3/2024,11:00,Sarah Converse,,,Alex Coenen,MAR_12,No,Empty,No,0,0,0,0,,,,,,,,,,,,,,,,,,,,
2024,9/10/2024,NA,Alex Coenen,,,Sarah Converse,MAR_12,No,Empty,No,0,0,0,0,,,,,,,,,,,,,,,,,,,,
2024,9/17/2024,NA,Alex Coenen,,,Matt Farr,MAR_12,No,Empty,No,0,0,0,0,,,,,,,,,,,,,,,,,,,,
2024,9/24/2024,NA,Alex Coenen,,,Matt Farr,MAR_12,No,Empty,No,0,0,0,0,,,,,,,,,,,,,,,,,,,,
2024,5/30/2024,11:10,Jessie Beck,Eric Wagner,Eric Wagner ,,MAR_13,Yes,Live Eggs in Box ,No,2,0,0,0,New,56,41.1,63.2,New,55,41.2,61.6,,,,,,,,,,,Eggs warm ,
2024,6/6/2024,14:54,"Amelia DuVall, Sarah Converse, Matt Farr",,,,MAR_13,No,Live Eggs in Box ,Yes (nest structure only),2,0,0,0,Prev,54,41,63.2,Prev,51,40.8,61.5,,,,,,,,,,,,
2024,6/13/2024,11:42,Alex Coenen,Eric Wagner,,,MAR_13,No,Live Eggs in Box ,Yes (nest with eggs),2,0,0,0,Prev,53,NA,NA,Prev,52,NA,NA,,,,,,,,,,,,
2024,6/18/2024,12:45,Sarah Converse ,Eric Wagner,,,MAR_13,No,Live chicks in box ,Yes,0,2,0,0,,,,,,,,,25,21.9,14,5.8,53,23,21,13.8,5.7,51,,
2024,6/26/2024,10:08,Amelia DuVall,Sarah Converse,,Alex Coenen,MAR_13,No,Live chicks in box ,Yes (nest with eggs),0,2,0,0,,,,,,,,,40,30.4,18.9,8.8,163,43,28.6,17.1,8.2,140,,
2024,7/2/2024,16:12,Alex Coenen,,,,MAR_13,No,Live chicks in box ,Yes (nest with eggs),0,2,0,0,,,,,,,,,,,,,,,,,,,,
2024,7/9/2024,12:52,Alex Coenen,Sarah Converse,Sarah Converse,Eric Wagner,MAR_13,No,Live chicks in box ,Yes (nest with chicks),0,2,0,0,,,,,,,,,92,35.1,23.3,10,198,96,35.4,23,9.7,295,,
2024,7/16/2024,12:25,Alex Coenen,,,,MAR_13,No,Empty,No,0,0,0,0,,,,,,,,,,,,,,,,,,,,
2024,7/23/2024,12:38,Nate Redon,,,,MAR_13,No,Empty,No,0,0,0,0,,,,,,,,,,,,,,,,,,,,
2024,7/31/2024,11:59,Alex Coenen,,,Eric Wagner,MAR_13,No,Empty,No,0,0,0,0,,,,,,,,,,,,,,,,,,,,
2024,8/6/2024,11:47,Alex Coenen,,,Timothy Chen,MAR_13,No,Empty,No,0,0,0,0,,,,,,,,,,,,,,,,,,,,
2024,8/15/2024,11:35,Alex Coenen,,,Eve Hallock,MAR_13,No,Empty,No,0,0,0,0,,,,,,,,,,,,,,,,,,,,
2024,8/20/2024,12:58,Eric Wagner,,,Alex Coenen,MAR_13,No,Empty,No,0,0,0,0,,,,,,,,,,,,,,,,,,,,
2024,8/27/2024,10:19,Alex Coenen,,,Matt Farr,MAR_13,No,Empty,No,0,0,0,0,,,,,,,,,,,,,,,,,,,,
2024,9/3/2024,11:00,Sarah Converse,,,Alex Coenen,MAR_13,No,Empty,No,0,0,0,0,,,,,,,,,,,,,,,,,,,,
2024,9/10/2024,NA,Alex Coenen,,,Sarah Converse,MAR_13,No,Empty,No,0,0,0,0,,,,,,,,,,,,,,,,,,,,
2024,9/17/2024,NA,Alex Coenen,,,Matt Farr,MAR_13,No,Empty,No,0,0,0,0,,,,,,,,,,,,,,,,,,,,
2024,9/24/2024,NA,Alex Coenen,,,Matt Farr,MAR_13,No,Empty,No,0,0,0,0,,,,,,,,,,,,,,,,,,,,
2024,5/30/2024,NA,Jessie Beck,,,,MS_01,No,Empty - No nest is known to have been initiated,No,0,0,0,0,,,,,,,,,,,,,,,,,,,,
2024,6/6/2024,12:40,Sarah Converse ,,,,MS_01,No,Empty - No nest is known to have been initiated,No,0,0,0,0,,,,,,,,,,,,,,,,,,,,
2024,6/13/2024,12:03,Alex Coenen,,,,MS_01,No,Empty - No nest is known to have been initiated,No,0,0,0,0,,,,,,,,,,,,,,,,,,,,
2024,6/18/2024,13:26,Sarah Converse ,,,,MS_01,No,Empty - No nest is known to have been initiated,No,0,0,0,0,,,,,,,,,,,,,,,,,,,,
2024,6/26/2024,11:47,Amelia DuVall,,,Alex Coenen,MS_01,No,Empty - No nest is known to have been initiated,No,0,0,0,0,,,,,,,,,,,,,,,,,,,,
2024,7/2/2024,14:42,Alex Coenen,,,,MS_01,No,Empty - No nest is known to have been initiated,No,0,0,0,0,,,,,,,,,,,,,,,,,,,,
2024,7/9/2024,9:57,Sarah Converse ,,,,MS_01,No,Empty - No nest is known to have been initiated,No,0,0,0,0,,,,,,,,,,,,,,,,,,,"signs of use, lot of feathers",
2024,7/16/2024,13:00,Sarah Converse ,,,,MS_01,No,Empty - No nest is known to have been initiated,No,0,0,0,0,,,,,,,,,,,,,,,,,,,,
2024,7/23/2024,13:05,Nate Redon,,,,MS_01,No,Empty - No nest is known to have been initiated,No,0,0,0,0,,,,,,,,,,,,,,,,,,,,
2024,7/31/2024,12:25,Alex Coenen,,,Eric Wagner,MS_01,No,Empty - No nest is known to have been initiated,No,0,0,0,0,,,,,,,,,,,,,,,,,,,,
2024,8/6/2024,12:20,Alex Coenen,,,Timothy Chen,MS_01,No,Empty - No nest is known to have been initiated,No,0,0,0,0,,,,,,,,,,,,,,,,,,,,
2024,8/15/2024,11:55,Alex Coenen,,,Eve Hallock,MS_01,No,Empty - No nest is known to have been initiated,No,0,0,0,0,,,,,,,,,,,,,,,,,,,,
2024,8/20/2024,11:06,Alex Coenen,,,Eric Wagner,MS_01,No,Empty - No nest is known to have been initiated,No,0,0,0,0,,,,,,,,,,,,,,,,,,,,
2024,8/27/2024,10:38,Alex Coenen,,,Matt Farr,MS_01,No,Empty - No nest is known to have been initiated,No,0,0,0,0,,,,,,,,,,,,,,,,,,,,
2024,9/3/2024,11:30,Sarah Converse,,,Alex Coenen,MS_01,No,Empty - No nest is known to have been initiated,No,0,0,0,0,,,,,,,,,,,,,,,,,,,,
2024,9/10/2024,NA,Alex Coenen,,,Sarah Converse,MS_01,No,Empty - No nest is known to have been initiated,No,0,0,0,0,,,,,,,,,,,,,,,,,,,,
2024,9/17/2024,NA,Alex Coenen,,,Matt Farr,MS_01,No,Empty - No nest is known to have been initiated,No,0,0,0,0,,,,,,,,,,,,,,,,,,,,
2024,9/24/2024,NA,Alex Coenen,,,Matt Farr,MS_01,No,Empty - No nest is known to have been initiated,No,0,0,0,0,,,,,,,,,,,,,,,,,,,,
2024,5/30/2024,NA,Jessie Beck,,,,MS_02,No,Empty - No nest is known to have been initiated,No,0,0,0,0,,,,,,,,,,,,,,,,,,,,
2024,6/6/2024,12:40,Sarah Converse ,,,,MS_02,No,Empty - No nest is known to have been initiated,No,0,0,0,0,,,,,,,,,,,,,,,,,,,,
2024,6/13/2024,12:04,Alex Coenen,,,,MS_02,No,Empty - No nest is known to have been initiated,No,0,0,0,0,,,,,,,,,,,,,,,,,,,some possible nest scrapping,
2024,6/18/2024,13:26,Sarah Converse ,,,,MS_02,No,Empty - No nest is known to have been initiated,No,0,0,0,0,,,,,,,,,,,,,,,,,,,,
2024,6/26/2024,11:48,Amelia DuVall,,,Alex Coenen,MS_02,No,Empty - No nest is known to have been initiated,No,0,0,0,0,,,,,,,,,,,,,,,,,,,,
2024,7/2/2024,14:42,Alex Coenen,,,,MS_02,No,Empty - No nest is known to have been initiated,No,0,0,0,0,,,,,,,,,,,,,,,,,,,,
2024,7/9/2024,9:57,Sarah Converse ,,,,MS_02,No,Empty - No nest is known to have been initiated,No,0,0,0,0,,,,,,,,,,,,,,,,,,,,
2024,7/16/2024,13:00,Sarah Converse ,,,,MS_02,No,Empty - No nest is known to have been initiated,No,0,0,0,0,,,,,,,,,,,,,,,,,,,,
2024,7/23/2024,13:05,Nate Redon,,,,MS_02,No,Empty - No nest is known to have been initiated,No,0,0,0,0,,,,,,,,,,,,,,,,,,,,
2024,7/31/2024,12:25,Alex Coenen,,,Eric Wagner,MS_02,No,Empty - No nest is known to have been initiated,No,0,0,0,0,,,,,,,,,,,,,,,,,,,,
2024,8/6/2024,12:20,Alex Coenen,,,Timothy Chen,MS_02,No,Empty - No nest is known to have been initiated,No,0,0,0,0,,,,,,,,,,,,,,,,,,,,
2024,8/15/2024,11:55,Alex Coenen,,,Eve Hallock,MS_02,No,Empty - No nest is known to have been initiated,No,0,0,0,0,,,,,,,,,,,,,,,,,,,,
2024,8/20/2024,11:06,Alex Coenen,,,Eric Wagner,MS_02,No,Empty - No nest is known to have been initiated,No,0,0,0,0,,,,,,,,,,,,,,,,,,,,
2024,8/27/2024,10:38,Alex Coenen,,,Matt Farr,MS_02,No,Empty - No nest is known to have been initiated,No,0,0,0,0,,,,,,,,,,,,,,,,,,,,
2024,9/3/2024,11:30,Sarah Converse,,,Alex Coenen,MS_02,No,Empty - No nest is known to have been initiated,No,0,0,0,0,,,,,,,,,,,,,,,,,,,,
2024,9/10/2024,NA,Alex Coenen,,,Sarah Converse,MS_02,No,Empty - No nest is known to have been initiated,No,0,0,0,0,,,,,,,,,,,,,,,,,,,,
2024,9/17/2024,NA,Alex Coenen,,,Matt Farr,MS_02,No,Empty - No nest is known to have been initiated,No,0,0,0,0,,,,,,,,,,,,,,,,,,,,
2024,9/24/2024,NA,Alex Coenen,,,Matt Farr,MS_02,No,Empty - No nest is known to have been initiated,No,0,0,0,0,,,,,,,,,,,,,,,,,,,,
2024,5/30/2024,NA,Jessie Beck,,,,MS_03,No,Empty - No nest is known to have been initiated,No,0,0,0,0,,,,,,,,,,,,,,,,,,,,
2024,6/6/2024,12:40,Sarah Converse ,,,,MS_03,No,Empty - No nest is known to have been initiated,No,0,0,0,0,,,,,,,,,,,,,,,,,,,,
2024,6/13/2024,12:04,Alex Coenen,,,,MS_03,No,Empty - No nest is known to have been initiated,No,0,0,0,0,,,,,,,,,,,,,,,,,,,,
2024,6/18/2024,13:26,Sarah Converse ,,,,MS_03,No,Empty - No nest is known to have been initiated,No,0,0,0,0,,,,,,,,,,,,,,,,,,,,
2024,6/26/2024,11:48,Amelia DuVall,,,Alex Coenen,MS_03,No,Empty - No nest is known to have been initiated,No,0,0,0,0,,,,,,,,,,,,,,,,,,,,
2024,7/2/2024,14:43,Alex Coenen,,,,MS_03,No,Empty - No nest is known to have been initiated,No,0,0,0,0,,,,,,,,,,,,,,,,,,,,
2024,7/9/2024,9:57,Sarah Converse ,,,,MS_03,No,Empty - No nest is known to have been initiated,No,0,0,0,0,,,,,,,,,,,,,,,,,,,,
2024,7/16/2024,13:00,Sarah Converse ,,,,MS_03,No,Empty - No nest is known to have been initiated,No,0,0,0,0,,,,,,,,,,,,,,,,,,,,
2024,7/23/2024,13:05,Nate Redon,,,,MS_03,No,Empty - No nest is known to have been initiated,No,0,0,0,0,,,,,,,,,,,,,,,,,,,,
2024,7/31/2024,12:26,Alex Coenen,,,Eric Wagner,MS_03,No,Empty - No nest is known to have been initiated,No,0,0,0,0,,,,,,,,,,,,,,,,,,,,
2024,8/6/2024,12:20,Alex Coenen,,,Timothy Chen,MS_03,No,Empty - No nest is known to have been initiated,No,0,0,0,0,,,,,,,,,,,,,,,,,,,,
2024,8/15/2024,11:55,Alex Coenen,,,Eve Hallock,MS_03,No,Empty - No nest is known to have been initiated,No,0,0,0,0,,,,,,,,,,,,,,,,,,,,
2024,8/20/2024,11:07,Alex Coenen,,,Eric Wagner,MS_03,No,Empty - No nest is known to have been initiated,No,0,0,0,0,,,,,,,,,,,,,,,,,,,,
2024,8/27/2024,10:40,Alex Coenen,,,Matt Farr,MS_03,No,Empty - No nest is known to have been initiated,No,0,0,0,0,,,,,,,,,,,,,,,,,,,,
2024,9/3/2024,11:30,Sarah Converse,,,Alex Coenen,MS_03,No,Empty - No nest is known to have been initiated,No,0,0,0,0,,,,,,,,,,,,,,,,,,,,
2024,9/10/2024,NA,Alex Coenen,,,Sarah Converse,MS_03,No,Empty - No nest is known to have been initiated,No,0,0,0,0,,,,,,,,,,,,,,,,,,,,
2024,9/17/2024,NA,Alex Coenen,,,Matt Farr,MS_03,No,Empty - No nest is known to have been initiated,No,0,0,0,0,,,,,,,,,,,,,,,,,,,,
2024,9/24/2024,NA,Alex Coenen,,,Matt Farr,MS_03,No,Empty - No nest is known to have been initiated,No,0,0,0,0,,,,,,,,,,,,,,,,,,,,
2024,5/30/2024,NA,Jessie Beck,,,,MS_04,No,Empty - No nest is known to have been initiated,No,0,0,0,0,,,,,,,,,,,,,,,,,,,,
2024,6/6/2024,12:40,Sarah Converse ,,,,MS_04,No,Empty - No nest is known to have been initiated,No,0,0,0,0,,,,,,,,,,,,,,,,,,,,
2024,6/13/2024,12:11,Alex Coenen,,,,MS_04,Yes,Live Eggs in Box ,No,1,0,0,0,New,53,38.7,61.2,,,,,,,,,,,,,,,"One egg previously crushed, one egg untouched. Seemed freshly crushed by bird; bird was picked up by entrance of nest box.",
2024,6/18/2024,13:28,Eric Wagner,Sarah Converse ,Sarah Converse ,,MS_04,Yes,Live Eggs in Box ,No,1,0,0,0,Prev,49,NA,NA,,,,,,,,,,,,,,,Egg was broken last time ,
2024,6/26/2024,11:50,Amelia DuVall,Alex Coenen,,,MS_04,Yes,Live Eggs in Box ,No,1,0,0,0,Prev,56,,,,,,,,,,,,,,,,,,
2024,7/2/2024,14:46,Alex Coenen,,,,MS_04,No,Empty - Previously had eggs but none present,No,0,0,0,0,,,,,,,,,,,,,,,,,,,"One egg previously found cracked, other egg missing. Could be ejected from box by parent or potentially chipmunk predation?",
2024,7/9/2024,9:57,Sarah Converse ,,,,MS_04,No,Empty - No nest is known to have been initiated,No,0,0,0,0,,,,,,,,,,,,,,,,,,,failed,
2024,7/16/2024,13:02,Sarah Converse ,,,,MS_04,No,Empty - No nest is known to have been initiated,No,0,0,0,0,,,,,,,,,,,,,,,,,,,,
2024,7/23/2024,13:05,Nate Redon,,,,MS_04,No,Empty - No nest is known to have been initiated,No,0,0,0,0,,,,,,,,,,,,,,,,,,,,
2024,7/31/2024,12:27,Alex Coenen,,,Eric Wagner,MS_04,No,Empty,No,0,0,0,0,,,,,,,,,,,,,,,,,,,,
2024,8/6/2024,12:20,Alex Coenen,,,Timothy Chen,MS_04,No,Empty,No,0,0,0,0,,,,,,,,,,,,,,,,,,,,
2024,8/15/2024,11:56,Alex Coenen,,,Eve Hallock,MS_04,No,Empty,No,0,0,0,0,,,,,,,,,,,,,,,,,,,,
2024,8/20/2024,11:07,Alex Coenen,,,Eric Wagner,MS_04,No,Empty,No,0,0,0,0,,,,,,,,,,,,,,,,,,,,
2024,8/27/2024,10:41,Alex Coenen,,,Matt Farr,MS_04,No,Empty,No,0,0,0,0,,,,,,,,,,,,,,,,,,,,
2024,9/3/2024,11:30,Sarah Converse,,,Alex Coenen,MS_04,No,Empty,No,0,0,0,0,,,,,,,,,,,,,,,,,,,,
2024,9/10/2024,NA,Alex Coenen,,,Sarah Converse,MS_04,No,Empty,No,0,0,0,0,,,,,,,,,,,,,,,,,,,,
2024,9/17/2024,NA,Alex Coenen,,,Matt Farr,MS_04,No,Empty,No,0,0,0,0,,,,,,,,,,,,,,,,,,,,
2024,9/24/2024,NA,Alex Coenen,,,Matt Farr,MS_04,No,Empty,No,0,0,0,0,,,,,,,,,,,,,,,,,,,,
2024,5/30/2024,NA,Jessie Beck,,,,MS_05,No,Empty - No nest is known to have been initiated,No,0,0,0,0,,,,,,,,,,,,,,,,,,,,
2024,6/6/2024,12:40,Sarah Converse ,,,,MS_05,No,Empty - No nest is known to have been initiated,No,0,0,0,0,,,,,,,,,,,,,,,,,,,,
2024,6/13/2024,12:25,Alex Coenen,,,,MS_05,Yes,Live Eggs in Box ,No,1,0,0,0,New,60,41,66.8,,,,,,,,,,,,,,,,
2024,6/18/2024,13:47,Eric Wagner,Sarah Converse ,Sarah Converse ,,MS_05,Yes,Live Eggs in Box ,No,2,0,0,0,Prev,61,41,66.7,New,65,41,65.4,,,,,,,,,,,,
2024,6/26/2024,NA,,,,,MS_05,UNK,,,,,,,,,,,,,,,,,,,,,,,,,Didnt check due to weather,
2024,7/2/2024,14:47,Alex Coenen,Eric Wagner,,,MS_05,Yes,Live Eggs in Box ,No,2,0,0,0,Prev,58,,,Prev,60,,,,,,,,,,,,,super warm eggs,
2024,7/9/2024,10:00,Sarah Converse ,Eric Wagner,,Alex Coenen,MS_05,Yes,Live Eggs in Box ,No,2,0,0,0,Prev,55,,,Prev,55,,,,,,,,,,,,,,
2024,7/16/2024,13:02,Sarah Converse ,Alex Coenen,,,MS_05,No,Live chicks in box ,No,0,2,0,0,,,,,,,,,22,17.1,10.2,7.3,34,18,17.3,9.2,6.6,36,,
2024,7/23/2024,13:10,Nate Redon,,,,MS_05,No,Empty,No,0,0,0,0,,,,,,,,,,,,,,,,,,,"Tiny chicks missing from last week, no dead chicks found nearby. Chipmunk? ",
2024,7/31/2024,12:27,Alex Coenen,,,Eric Wagner,MS_05,No,Empty,No,0,0,0,0,,,,,,,,,,,,,,,,,,,,
2024,8/6/2024,12:20,Alex Coenen,,,Timothy Chen,MS_05,No,Empty,No,0,0,0,0,,,,,,,,,,,,,,,,,,,,
2024,8/15/2024,11:56,Alex Coenen,,,Eve Hallock,MS_05,No,Empty,No,0,0,0,0,,,,,,,,,,,,,,,,,,,,
2024,8/20/2024,11:11,Alex Coenen,,,Eric Wagner,MS_05,No,Empty,No,0,0,0,0,,,,,,,,,,,,,,,,,,,,
2024,8/27/2024,10:41,Alex Coenen,,,Matt Farr,MS_05,No,Empty,No,0,0,0,0,,,,,,,,,,,,,,,,,,,,
2024,9/3/2024,11:30,Sarah Converse,,,Alex Coenen,MS_05,No,Empty,No,0,0,0,0,,,,,,,,,,,,,,,,,,,,
2024,9/10/2024,NA,Alex Coenen,,,Sarah Converse,MS_05,No,Empty,No,0,0,0,0,,,,,,,,,,,,,,,,,,,,
2024,9/17/2024,NA,Alex Coenen,,,Matt Farr,MS_05,No,Empty,No,0,0,0,0,,,,,,,,,,,,,,,,,,,,
2024,9/24/2024,NA,Alex Coenen,,,Matt Farr,MS_05,No,Empty,No,0,0,0,0,,,,,,,,,,,,,,,,,,,,
2024,5/30/2024,NA,Jessie Beck,,,,MS_06,No,Empty - No nest is known to have been initiated,No,0,0,0,0,,,,,,,,,,,,,,,,,,,,
2024,6/6/2024,12:40,Sarah Converse ,,,,MS_06,No,Empty - No nest is known to have been initiated,No,0,0,0,0,,,,,,,,,,,,,,,,,,,,
2024,6/13/2024,12:33,Alex Coenen,,,,MS_06,No,Empty - No nest is known to have been initiated,No,0,0,0,0,,,,,,,,,,,,,,,,,,,,
2024,6/18/2024,14:09,Sarah Converse ,,,,MS_06,No,Empty - No nest is known to have been initiated,No,0,0,0,0,,,,,,,,,,,,,,,,,,,,
2024,6/26/2024,NA,,,,,MS_06,UNK,,,,,,,,,,,,,,,,,,,,,,,,,Didnt check due to weather,
2024,7/2/2024,14:58,Alex Coenen,,,,MS_06,No,Empty - No nest is known to have been initiated,No,0,0,0,0,,,,,,,,,,,,,,,,,,,ton of dust on top of box and in surrounding area,
2024,7/9/2024,10:04,Sarah Converse ,,,,MS_06,No,Empty - No nest is known to have been initiated,No,0,0,0,0,,,,,,,,,,,,,,,,,,,,
2024,7/16/2024,13:11,Sarah Converse ,,,,MS_06,No,Empty - No nest is known to have been initiated,No,0,0,0,0,,,,,,,,,,,,,,,,,,,,
2024,7/23/2024,13:12,Nate Redon,,,,MS_06,No,Empty - No nest is known to have been initiated,No,0,0,0,0,,,,,,,,,,,,,,,,,,,,
2024,7/31/2024,12:28,Alex Coenen,,,Eric Wagner,MS_06,No,Empty - No nest is known to have been initiated,No,0,0,0,0,,,,,,,,,,,,,,,,,,,,
2024,8/6/2024,12:20,Alex Coenen,,,Timothy Chen,MS_06,No,Empty - No nest is known to have been initiated,No,0,0,0,0,,,,,,,,,,,,,,,,,,,,
2024,8/15/2024,11:56,Alex Coenen,,,Eve Hallock,MS_06,No,Empty - No nest is known to have been initiated,No,0,0,0,0,,,,,,,,,,,,,,,,,,,,
2024,8/20/2024,11:11,Eric Wagner,,,Alex Coenen,MS_06,No,Empty - No nest is known to have been initiated,No,0,0,0,0,,,,,,,,,,,,,,,,,,,,
2024,8/27/2024,10:44,Alex Coenen,,,Matt Farr,MS_06,No,Empty - No nest is known to have been initiated,No,0,0,0,0,,,,,,,,,,,,,,,,,,,,
2024,9/3/2024,11:30,Sarah Converse,,,Alex Coenen,MS_06,No,Empty - No nest is known to have been initiated,No,0,0,0,0,,,,,,,,,,,,,,,,,,,,
2024,9/10/2024,NA,Alex Coenen,,,Sarah Converse,MS_06,No,Empty - No nest is known to have been initiated,No,0,0,0,0,,,,,,,,,,,,,,,,,,,,
2024,9/17/2024,NA,Alex Coenen,,,Matt Farr,MS_06,No,Empty - No nest is known to have been initiated,No,0,0,0,0,,,,,,,,,,,,,,,,,,,,
2024,9/24/2024,NA,Alex Coenen,,,Matt Farr,MS_06,No,Empty - No nest is known to have been initiated,No,0,0,0,0,,,,,,,,,,,,,,,,,,,,
2024,5/30/2024,NA,Jessie Beck,,,,MS_07,No,Empty - No nest is known to have been initiated,No,0,0,0,0,,,,,,,,,,,,,,,,,,,,
2024,6/6/2024,12:40,Sarah Converse ,,,,MS_07,No,Empty - No nest is known to have been initiated,No,0,0,0,0,,,,,,,,,,,,,,,,,,,,
2024,6/13/2024,12:34,Alex Coenen,,,,MS_07,No,Empty - No nest is known to have been initiated,No,0,0,0,0,,,,,,,,,,,,,,,,,,,,
2024,6/18/2024,14:09,Sarah Converse ,,,,MS_07,No,Empty - No nest is known to have been initiated,No,0,0,0,0,,,,,,,,,,,,,,,,,,,,
2024,6/26/2024,NA,,,,,MS_07,UNK,,,,,,,,,,,,,,,,,,,,,,,,,Didnt check due to weather,
2024,7/2/2024,14:59,Alex Coenen,,,,MS_07,No,Empty - No nest is known to have been initiated,No,0,0,0,0,,,,,,,,,,,,,,,,,,,,
2024,7/9/2024,10:05,Sarah Converse ,,,,MS_07,No,Empty - No nest is known to have been initiated,No,0,0,0,0,,,,,,,,,,,,,,,,,,,,
2024,7/16/2024,13:12,Sarah Converse ,,,,MS_07,No,Empty - No nest is known to have been initiated,No,0,0,0,0,,,,,,,,,,,,,,,,,,,,
2024,7/23/2024,13:12,Nate Redon,,,,MS_07,No,Empty - No nest is known to have been initiated,No,0,0,0,0,,,,,,,,,,,,,,,,,,,,
2024,7/31/2024,12:30,Alex Coenen,,,Eric Wagner,MS_07,No,Empty - No nest is known to have been initiated,No,0,0,0,0,,,,,,,,,,,,,,,,,,,,
2024,8/6/2024,12:21,Alex Coenen,,,Timothy Chen,MS_07,No,Empty - No nest is known to have been initiated,No,0,0,0,0,,,,,,,,,,,,,,,,,,,,
2024,8/15/2024,11:57,Alex Coenen,,,Eve Hallock,MS_07,No,Empty - No nest is known to have been initiated,No,0,0,0,0,,,,,,,,,,,,,,,,,,,,
2024,8/20/2024,11:12,Eric Wagner,,,Alex Coenen,MS_07,No,Empty - No nest is known to have been initiated,No,0,0,0,0,,,,,,,,,,,,,,,,,,,,
2024,8/27/2024,10:44,Alex Coenen,,,Matt Farr,MS_07,No,Empty - No nest is known to have been initiated,No,0,0,0,0,,,,,,,,,,,,,,,,,,,,
2024,9/3/2024,11:30,Sarah Converse,,,Alex Coenen,MS_07,No,Empty - No nest is known to have been initiated,No,0,0,0,0,,,,,,,,,,,,,,,,,,,,
2024,9/10/2024,NA,Alex Coenen,,,Sarah Converse,MS_07,No,Empty - No nest is known to have been initiated,No,0,0,0,0,,,,,,,,,,,,,,,,,,,,
2024,9/17/2024,NA,Alex Coenen,,,Matt Farr,MS_07,No,Empty - No nest is known to have been initiated,No,0,0,0,0,,,,,,,,,,,,,,,,,,,,
2024,9/24/2024,NA,Alex Coenen,,,Matt Farr,MS_07,No,Empty - No nest is known to have been initiated,No,0,0,0,0,,,,,,,,,,,,,,,,,,,,
2024,5/30/2024,NA,Jessie Beck,,,,MS_08,No,Empty - No nest is known to have been initiated,No,0,0,0,0,,,,,,,,,,,,,,,,,,,,
2024,6/6/2024,12:40,Sarah Converse ,,,,MS_08,No,Empty - No nest is known to have been initiated,No,0,0,0,0,,,,,,,,,,,,,,,,,,,,
2024,6/13/2024,12:35,Alex Coenen,,,,MS_08,No,Empty - No nest is known to have been initiated,No,0,0,0,0,,,,,,,,,,,,,,,,,,,,
2024,6/18/2024,14:09,Sarah Converse ,,,,MS_08,No,Empty - No nest is known to have been initiated,No,0,0,0,0,,,,,,,,,,,,,,,,,,,,
2024,6/26/2024,NA,,,,,MS_08,UNK,,,,,,,,,,,,,,,,,,,,,,,,,Didnt check due to weather,
2024,7/2/2024,15:00,Alex Coenen,,,,MS_08,No,Empty - No nest is known to have been initiated,No,0,0,0,0,,,,,,,,,,,,,,,,,,,,
2024,7/9/2024,10:05,Sarah Converse ,,,,MS_08,No,Empty - No nest is known to have been initiated,No,0,0,0,0,,,,,,,,,,,,,,,,,,,,
2024,7/16/2024,13:13,Sarah Converse ,,,,MS_08,No,Empty - No nest is known to have been initiated,No,0,0,0,0,,,,,,,,,,,,,,,,,,,,
2024,7/23/2024,13:12,Nate Redon,,,,MS_08,No,Empty - No nest is known to have been initiated,No,0,0,0,0,,,,,,,,,,,,,,,,,,,,
2024,7/31/2024,12:30,Alex Coenen,,,Eric Wagner,MS_08,No,Empty - No nest is known to have been initiated,No,0,0,0,0,,,,,,,,,,,,,,,,,,,,
2024,8/6/2024,12:21,Alex Coenen,,,Timothy Chen,MS_08,No,Empty - No nest is known to have been initiated,No,0,0,0,0,,,,,,,,,,,,,,,,,,,,
2024,8/15/2024,11:57,Alex Coenen,,,Eve Hallock,MS_08,No,Empty - No nest is known to have been initiated,No,0,0,0,0,,,,,,,,,,,,,,,,,,,,
2024,8/20/2024,11:10,Eric Wagner,,,Alex Coenen,MS_08,No,Empty - No nest is known to have been initiated,No,0,0,0,0,,,,,,,,,,,,,,,,,,,,
2024,8/27/2024,10:43,Alex Coenen,,,Matt Farr,MS_08,No,Empty - No nest is known to have been initiated,No,0,0,0,0,,,,,,,,,,,,,,,,,,,,
2024,9/3/2024,11:30,Sarah Converse,,,Alex Coenen,MS_08,No,Empty - No nest is known to have been initiated,No,0,0,0,0,,,,,,,,,,,,,,,,,,,,
2024,9/10/2024,NA,Alex Coenen,,,Sarah Converse,MS_08,No,Empty - No nest is known to have been initiated,No,0,0,0,0,,,,,,,,,,,,,,,,,,,,
2024,9/17/2024,NA,Alex Coenen,,,Matt Farr,MS_08,No,Empty - No nest is known to have been initiated,No,0,0,0,0,,,,,,,,,,,,,,,,,,,,
2024,9/24/2024,NA,Alex Coenen,,,Matt Farr,MS_08,No,Empty - No nest is known to have been initiated,No,0,0,0,0,,,,,,,,,,,,,,,,,,,,
2024,5/30/2024,NA,Jessie Beck,,,,MS_09,No,Empty - No nest is known to have been initiated,No,0,0,0,0,,,,,,,,,,,,,,,,,,,,
2024,6/6/2024,12:40,Sarah Converse ,,,,MS_09,No,Empty - No nest is known to have been initiated,No,0,0,0,0,,,,,,,,,,,,,,,,,,,,
2024,6/13/2024,12:36,Alex Coenen,,,,MS_09,No,Live Eggs in Box ,No,1,0,0,0,New ,53,38.7,57.9,,,,,,,,,,,,,,,,
2024,6/18/2024,14:10,Eric Wagner,Sarah Converse ,Sarah Converse ,,MS_09,Yes,Live Eggs in Box ,No,2,0,0,0,Prev,52,NA,NA,New,51,38.7,58.8,,,,,,,,,,,,
2024,6/26/2024,NA,,,,,MS_09,UNK,,,,,,,,,,,,,,,,,,,,,,,,,Didnt check due to weather,
2024,7/2/2024,15:01,Alex Coenen,Eric Wagner,,,MS_09,Yes,Live Eggs in Box ,No,2,0,0,0,Prev,51,,,Prev,50,,,,,,,,,,,,,hot eggs,
2024,7/9/2024,10:05,Sarah Converse ,Eric Wagner,,Alex Coenen,MS_09,No,Live Eggs in Box ,No,2,0,0,0,Prev,48,,,Prev,48,,,,,,,,,,,,,both eggs quite cold,
2024,7/16/2024,13:14,Sarah Converse ,Alex Coenen,,,MS_09,No,Live Eggs in Box ,No,2,0,0,0,Prev,48,,,Prev,48,,,,,,,,,,,,,eggs somewhat cold,
2024,7/23/2024,13:16,Nate Redon,Eve Hallock,,,MS_09,No,Live Eggs in Box ,No,2,0,0,0,Prev,49,,,Prev,47,,,,,,,,,,,,,Eggs are moderately cold,
2024,7/31/2024,12:31,Alex Coenen,,,Eric Wagner,MS_09,No,Live Eggs in Box ,No,2,0,0,0,,,,,,,,,,,,,,,,,,,cold eggs - will collect next week,
2024,8/6/2024,12:25,Alex Coenen,,,Timothy Chen,MS_09,No,Empty,No,0,0,0,1,,,,,,,,,,,,,,,,,,,"eggs missing - saw chipmunk around MS07. Egg shell and orange egg fluid near box - signs of predation. Found egg shell broken apart with sharpie mark nearby (AC has photos: IMG_7109, IMG_7111,  IMG_7114, IMG_7117)",
2024,8/15/2024,11:58,Alex Coenen,,,Eve Hallock,MS_09,No,Empty,No,0,0,0,0,,,,,,,,,,,,,,,,,,,,
2024,8/20/2024,11:10,Eric Wagner,,,Alex Coenen,MS_09,No,Empty,No,0,0,0,0,,,,,,,,,,,,,,,,,,,,
2024,8/27/2024,10:42,Alex Coenen,,,Matt Farr,MS_09,No,Empty,No,0,0,0,0,,,,,,,,,,,,,,,,,,,,
2024,9/3/2024,11:30,Sarah Converse,,,Alex Coenen,MS_09,No,Empty,No,0,0,0,0,,,,,,,,,,,,,,,,,,,,
2024,9/10/2024,NA,Alex Coenen,,,Sarah Converse,MS_09,No,Empty,No,0,0,0,0,,,,,,,,,,,,,,,,,,,,
2024,9/17/2024,NA,Alex Coenen,,,Matt Farr,MS_09,No,Empty,No,0,0,0,0,,,,,,,,,,,,,,,,,,,,
2024,9/24/2024,NA,Alex Coenen,,,Matt Farr,MS_09,No,Empty,No,0,0,0,0,,,,,,,,,,,,,,,,,,,,
2024,5/30/2024,NA,Jessie Beck,,,,MS_10,No,Empty - No nest is known to have been initiated,No,0,0,0,0,,,,,,,,,,,,,,,,,,,,
2024,6/6/2024,12:40,Sarah Converse ,,,,MS_10,No,Empty - No nest is known to have been initiated,No,0,0,0,0,,,,,,,,,,,,,,,,,,,,
2024,6/13/2024,12:40,Alex Coenen,,,,MS_10,No,Empty - No nest is known to have been initiated,No,0,0,0,0,,,,,,,,,,,,,,,,,,,,
2024,6/18/2024,14:33,Sarah Converse ,,,,MS_10,No,Empty - No nest is known to have been initiated,No,0,0,0,0,,,,,,,,,,,,,,,,,,,,
2024,6/26/2024,NA,,,,,MS_10,UNK,,,,,,,,,,,,,,,,,,,,,,,,,Didnt check due to weather,
2024,7/2/2024,15:16,Alex Coenen,,,,MS_10,No,Empty - No nest is known to have been initiated,No,0,0,0,0,,,,,,,,,,,,,,,,,,,,
2024,7/9/2024,10:08,Sarah Converse ,,,,MS_10,No,Empty - No nest is known to have been initiated,No,0,0,0,0,,,,,,,,,,,,,,,,,,,,
2024,7/16/2024,13:17,Sarah Converse ,,,,MS_10,No,Empty - No nest is known to have been initiated,No,0,0,0,0,,,,,,,,,,,,,,,,,,,,
2024,7/23/2024,13:18,Nate Redon,,,,MS_10,No,Empty - No nest is known to have been initiated,No,0,0,0,0,,,,,,,,,,,,,,,,,,,,
2024,7/31/2024,12:32,Alex Coenen,,,Eric Wagner,MS_10,No,Empty - No nest is known to have been initiated,No,0,0,0,0,,,,,,,,,,,,,,,,,,,,
2024,8/6/2024,12:29,Alex Coenen,,,Timothy Chen,MS_10,No,Empty - No nest is known to have been initiated,No,0,0,0,0,,,,,,,,,,,,,,,,,,,,
2024,8/15/2024,11:58,Alex Coenen,,,Eve Hallock,MS_10,No,Empty - No nest is known to have been initiated,No,0,0,0,0,,,,,,,,,,,,,,,,,,,,
2024,8/20/2024,11:09,Eric Wagner,,,Alex Coenen,MS_10,No,Empty - No nest is known to have been initiated,No,0,0,0,0,,,,,,,,,,,,,,,,,,,,
2024,8/27/2024,10:41,Alex Coenen,,,Matt Farr,MS_10,No,Empty - No nest is known to have been initiated,No,0,0,0,0,,,,,,,,,,,,,,,,,,,,
2024,9/3/2024,11:30,Sarah Converse,,,Alex Coenen,MS_10,No,Empty - No nest is known to have been initiated,No,0,0,0,0,,,,,,,,,,,,,,,,,,,,
2024,9/10/2024,NA,Alex Coenen,,,Sarah Converse,MS_10,No,Empty - No nest is known to have been initiated,No,0,0,0,0,,,,,,,,,,,,,,,,,,,,
2024,9/17/2024,NA,Alex Coenen,,,Matt Farr,MS_10,No,Empty - No nest is known to have been initiated,No,0,0,0,0,,,,,,,,,,,,,,,,,,,,
2024,9/24/2024,NA,Alex Coenen,,,Matt Farr,MS_10,No,Empty - No nest is known to have been initiated,No,0,0,0,0,,,,,,,,,,,,,,,,,,,,
2024,5/30/2024,NA,Jessie Beck,,,,MS_11,No,Empty - No nest is known to have been initiated,No,0,0,0,0,,,,,,,,,,,,,,,,,,,,
2024,6/6/2024,12:40,Sarah Converse ,,,,MS_11,No,Empty - No nest is known to have been initiated,No,0,0,0,0,,,,,,,,,,,,,,,,,,,,
2024,6/13/2024,12:41,Alex Coenen,,,,MS_11,No,Empty - No nest is known to have been initiated,No,0,0,0,0,,,,,,,,,,,,,,,,,,,,
2024,6/18/2024,14:33,Sarah Converse ,,,,MS_11,No,Empty - No nest is known to have been initiated,No,0,0,0,0,,,,,,,,,,,,,,,,,,,,
2024,6/26/2024,NA,,,,,MS_11,UNK,,,,,,,,,,,,,,,,,,,,,,,,,Didnt check due to weather,
2024,7/2/2024,15:17,Alex Coenen,,,,MS_11,No,Empty - No nest is known to have been initiated,No,0,0,0,0,,,,,,,,,,,,,,,,,,,,
2024,7/9/2024,10:09,Sarah Converse ,,,,MS_11,No,Empty - No nest is known to have been initiated,No,0,0,0,0,,,,,,,,,,,,,,,,,,,,
2024,7/16/2024,13:18,Sarah Converse ,,,,MS_11,No,Empty - No nest is known to have been initiated,No,0,0,0,0,,,,,,,,,,,,,,,,,,,,
2024,7/23/2024,13:18,Nate Redon,,,,MS_11,No,Empty - No nest is known to have been initiated,No,0,0,0,0,,,,,,,,,,,,,,,,,,,,
2024,7/31/2024,12:33,Alex Coenen,,,Eric Wagner,MS_11,No,Empty - No nest is known to have been initiated,No,0,0,0,0,,,,,,,,,,,,,,,,,,,,
2024,8/6/2024,12:29,Alex Coenen,,,Timothy Chen,MS_11,No,Empty - No nest is known to have been initiated,No,0,0,0,0,,,,,,,,,,,,,,,,,,,,
2024,8/15/2024,11:58,Alex Coenen,,,Eve Hallock,MS_11,No,Empty - No nest is known to have been initiated,No,0,0,0,0,,,,,,,,,,,,,,,,,,,,
2024,8/20/2024,11:08,Eric Wagner,,,Alex Coenen,MS_11,No,Empty - No nest is known to have been initiated,No,0,0,0,0,,,,,,,,,,,,,,,,,,,,
2024,8/27/2024,10:41,Alex Coenen,,,Matt Farr,MS_11,No,Empty - No nest is known to have been initiated,No,0,0,0,0,,,,,,,,,,,,,,,,,,,,
2024,9/3/2024,11:30,Sarah Converse,,,Alex Coenen,MS_11,No,Empty - No nest is known to have been initiated,No,0,0,0,0,,,,,,,,,,,,,,,,,,,,
2024,9/10/2024,NA,Alex Coenen,,,Sarah Converse,MS_11,No,Empty - No nest is known to have been initiated,No,0,0,0,0,,,,,,,,,,,,,,,,,,,,
2024,9/17/2024,NA,Alex Coenen,,,Matt Farr,MS_11,No,Empty - No nest is known to have been initiated,No,0,0,0,0,,,,,,,,,,,,,,,,,,,,
2024,9/24/2024,NA,Alex Coenen,,,Matt Farr,MS_11,No,Empty - No nest is known to have been initiated,No,0,0,0,0,,,,,,,,,,,,,,,,,,,,
2024,5/30/2024,NA,Jessie Beck,,,,MS_12,No,Empty - No nest is known to have been initiated,No,0,0,0,0,,,,,,,,,,,,,,,,,,,,
2024,6/6/2024,12:40,Sarah Converse ,,,,MS_12,No,Empty - No nest is known to have been initiated,No,0,0,0,0,,,,,,,,,,,,,,,,,,,,
2024,6/13/2024,12:42,Alex Coenen,,,,MS_12,No,Empty - No nest is known to have been initiated,No,0,0,0,0,,,,,,,,,,,,,,,,,,,,
2024,6/18/2024,14:33,Sarah Converse ,,,,MS_12,No,Empty - No nest is known to have been initiated,No,0,0,0,0,,,,,,,,,,,,,,,,,,,,
2024,6/26/2024,NA,,,,,MS_12,UNK,,,,,,,,,,,,,,,,,,,,,,,,,Didnt check due to weather,
2024,7/2/2024,15:18,Alex Coenen,,,,MS_12,No,Empty - No nest is known to have been initiated,No,0,0,0,0,,,,,,,,,,,,,,,,,,,,
2024,7/9/2024,10:10,Sarah Converse ,,,,MS_12,No,Empty - No nest is known to have been initiated,No,0,0,0,0,,,,,,,,,,,,,,,,,,,,
2024,7/16/2024,13:30,Sarah Converse ,,,,MS_12,No,Empty - No nest is known to have been initiated,No,0,0,0,0,,,,,,,,,,,,,,,,,,,,
2024,7/23/2024,13:18,Nate Redon,,,,MS_12,No,Empty - No nest is known to have been initiated,No,0,0,0,0,,,,,,,,,,,,,,,,,,,,
2024,7/31/2024,12:34,Alex Coenen,,,Eric Wagner,MS_12,No,Empty - No nest is known to have been initiated,No,0,0,0,0,,,,,,,,,,,,,,,,,,,,
2024,8/6/2024,12:29,Alex Coenen,,,Timothy Chen,MS_12,No,Empty - No nest is known to have been initiated,No,0,0,0,0,,,,,,,,,,,,,,,,,,,,
2024,8/15/2024,11:58,Alex Coenen,,,Eve Hallock,MS_12,No,Empty - No nest is known to have been initiated,No,0,0,0,0,,,,,,,,,,,,,,,,,,,,
2024,8/20/2024,11:06,Eric Wagner,,,Alex Coenen,MS_12,No,Empty - No nest is known to have been initiated,No,0,0,0,0,,,,,,,,,,,,,,,,,,,,
2024,8/27/2024,10:40,Alex Coenen,,,Matt Farr,MS_12,No,Empty - No nest is known to have been initiated,No,0,0,0,0,,,,,,,,,,,,,,,,,,,,
2024,9/3/2024,11:30,Sarah Converse,,,Alex Coenen,MS_12,No,Empty - No nest is known to have been initiated,No,0,0,0,0,,,,,,,,,,,,,,,,,,,,
2024,9/10/2024,NA,Alex Coenen,,,Sarah Converse,MS_12,No,Empty - No nest is known to have been initiated,No,0,0,0,0,,,,,,,,,,,,,,,,,,,,
2024,9/17/2024,NA,Alex Coenen,,,Matt Farr,MS_12,No,Empty - No nest is known to have been initiated,No,0,0,0,0,,,,,,,,,,,,,,,,,,,,
2024,9/24/2024,NA,Alex Coenen,,,Matt Farr,MS_12,No,Empty - No nest is known to have been initiated,No,0,0,0,0,,,,,,,,,,,,,,,,,,,,
2024,5/30/2024,NA,Jessie Beck,,,,MS_13,No,Empty - No nest is known to have been initiated,No,0,0,0,0,,,,,,,,,,,,,,,,,,,,
2024,6/6/2024,12:40,Sarah Converse ,,,,MS_13,No,Empty - No nest is known to have been initiated,No,0,0,0,0,,,,,,,,,,,,,,,,,,,,
2024,6/13/2024,12:43,Alex Coenen,,,,MS_13,No,Empty - No nest is known to have been initiated,No,0,0,0,0,,,,,,,,,,,,,,,,,,,,
2024,6/18/2024,14:33,Sarah Converse ,,,,MS_13,No,Empty - No nest is known to have been initiated,No,0,0,0,0,,,,,,,,,,,,,,,,,,,,
2024,6/26/2024,NA,,,,,MS_13,UNK,,,,,,,,,,,,,,,,,,,,,,,,,Didnt check due to weather,
2024,7/2/2024,15:18,Alex Coenen,,,,MS_13,No,Empty - No nest is known to have been initiated,No,0,0,0,0,,,,,,,,,,,,,,,,,,,,
2024,7/9/2024,10:11,Sarah Converse ,,,,MS_13,No,Empty - No nest is known to have been initiated,No,0,0,0,0,,,,,,,,,,,,,,,,,,,,
2024,7/16/2024,13:28,Sarah Converse ,,,,MS_13,No,Empty - No nest is known to have been initiated,No,0,0,0,0,,,,,,,,,,,,,,,,,,,,
2024,7/23/2024,13:18,Nate Redon,,,,MS_13,No,Empty - No nest is known to have been initiated,No,0,0,0,0,,,,,,,,,,,,,,,,,,,,
2024,7/31/2024,12:35,Alex Coenen,,,Eric Wagner,MS_13,No,Empty - No nest is known to have been initiated,No,0,0,0,0,,,,,,,,,,,,,,,,,,,,
2024,8/6/2024,12:30,Alex Coenen,,,Timothy Chen,MS_13,No,Empty - No nest is known to have been initiated,No,0,0,0,0,,,,,,,,,,,,,,,,,,,,
2024,8/15/2024,11:58,Alex Coenen,,,Eve Hallock,MS_13,No,Empty - No nest is known to have been initiated,No,0,0,0,0,,,,,,,,,,,,,,,,,,,,
2024,8/20/2024,11:06,Eric Wagner,,,Alex Coenen,MS_13,No,Empty - No nest is known to have been initiated,No,0,0,0,0,,,,,,,,,,,,,,,,,,,,
2024,8/27/2024,10:39,Alex Coenen,,,Matt Farr,MS_13,No,Empty - No nest is known to have been initiated,No,0,0,0,0,,,,,,,,,,,,,,,,,,,,
2024,9/3/2024,11:30,Sarah Converse,,,Alex Coenen,MS_13,No,Empty - No nest is known to have been initiated,No,0,0,0,0,,,,,,,,,,,,,,,,,,,,
2024,9/10/2024,NA,Alex Coenen,,,Sarah Converse,MS_13,No,Empty - No nest is known to have been initiated,No,0,0,0,0,,,,,,,,,,,,,,,,,,,,
2024,9/17/2024,NA,Alex Coenen,,,Matt Farr,MS_13,No,Empty - No nest is known to have been initiated,No,0,0,0,0,,,,,,,,,,,,,,,,,,,,
2024,9/24/2024,NA,Alex Coenen,,,Matt Farr,MS_13,No,Empty - No nest is known to have been initiated,No,0,0,0,0,,,,,,,,,,,,,,,,,,,,
2024,5/30/2024,NA,Jessie Beck,,,,MS_14,No,Empty - No nest is known to have been initiated,No,0,0,0,0,,,,,,,,,,,,,,,,,,,,
2024,6/6/2024,12:40,Sarah Converse ,,,,MS_14,No,Empty - No nest is known to have been initiated,No,0,0,0,0,,,,,,,,,,,,,,,,,,,,
2024,6/13/2024,12:45,Alex Coenen,,,,MS_14,No,Empty - No nest is known to have been initiated,No,0,0,0,0,,,,,,,,,,,,,,,,,,,,
2024,6/18/2024,14:33,Sarah Converse ,,,,MS_14,No,Empty - No nest is known to have been initiated,No,0,0,0,0,,,,,,,,,,,,,,,,,,,,
2024,6/26/2024,NA,,,,,MS_14,UNK,,,,,,,,,,,,,,,,,,,,,,,,,Didnt check due to weather,
2024,7/2/2024,15:20,Alex Coenen,,,,MS_14,No,Empty - No nest is known to have been initiated,No,0,0,0,0,,,,,,,,,,,,,,,,,,,,
2024,7/9/2024,10:13,Sarah Converse ,,,,MS_14,No,Empty - No nest is known to have been initiated,No,0,0,0,0,,,,,,,,,,,,,,,,,,,,
2024,7/16/2024,13:21,Sarah Converse ,,,,MS_14,No,Empty - No nest is known to have been initiated,No,0,0,0,0,,,,,,,,,,,,,,,,,,,,
2024,7/23/2024,13:20,Nate Redon,,,,MS_14,No,Empty - No nest is known to have been initiated,No,0,0,0,0,,,,,,,,,,,,,,,,,,,,
2024,7/31/2024,12:36,Alex Coenen,,,Eric Wagner,MS_14,No,Empty - No nest is known to have been initiated,No,0,0,0,0,,,,,,,,,,,,,,,,,,,,
2024,8/6/2024,12:32,Alex Coenen,,,Timothy Chen,MS_14,No,Empty - No nest is known to have been initiated,No,0,0,0,0,,,,,,,,,,,,,,,,,,,,
2024,8/15/2024,11:59,Alex Coenen,,,Eve Hallock,MS_14,No,Empty - No nest is known to have been initiated,No,0,0,0,0,,,,,,,,,,,,,,,,,,,,
2024,8/20/2024,11:05,Eric Wagner,,,Alex Coenen,MS_14,No,Empty - No nest is known to have been initiated,No,0,0,0,0,,,,,,,,,,,,,,,,,,,,
2024,8/27/2024,10:38,Alex Coenen,,,Matt Farr,MS_14,No,Empty - No nest is known to have been initiated,No,0,0,0,0,,,,,,,,,,,,,,,,,,,,
2024,9/3/2024,11:30,Sarah Converse,,,Alex Coenen,MS_14,No,Empty - No nest is known to have been initiated,No,0,0,0,0,,,,,,,,,,,,,,,,,,,,
2024,9/10/2024,NA,Alex Coenen,,,Sarah Converse,MS_14,No,Empty - No nest is known to have been initiated,No,0,0,0,0,,,,,,,,,,,,,,,,,,,,
2024,9/17/2024,NA,Alex Coenen,,,Matt Farr,MS_14,No,Empty - No nest is known to have been initiated,No,0,0,0,0,,,,,,,,,,,,,,,,,,,,
2024,9/24/2024,NA,Alex Coenen,,,Matt Farr,MS_14,No,Empty - No nest is known to have been initiated,No,0,0,0,0,,,,,,,,,,,,,,,,,,,,
2024,5/30/2024,NA,Jessie Beck,,,,MS_15,No,Empty - No nest is known to have been initiated,No,0,0,0,0,,,,,,,,,,,,,,,,,,,,
2024,6/6/2024,12:40,Sarah Converse ,,,,MS_15,No,Empty - No nest is known to have been initiated,No,0,0,0,0,,,,,,,,,,,,,,,,,,,,
2024,6/13/2024,12:45,Alex Coenen,,,,MS_15,No,Empty - No nest is known to have been initiated,No,0,0,0,0,,,,,,,,,,,,,,,,,,,,
2024,6/18/2024,14:33,Sarah Converse ,,,,MS_15,No,Empty - No nest is known to have been initiated,No,0,0,0,0,,,,,,,,,,,,,,,,,,,,
2024,6/26/2024,NA,,,,,MS_15,UNK,,,,,,,,,,,,,,,,,,,,,,,,,Didnt check due to weather,
2024,7/2/2024,15:20,Alex Coenen,Eric Wagner,,,MS_15,No,Live Eggs in Box ,No,1,0,0,0,New,52,39.2,60.1,,,,,,,,,,,,,,,,
2024,7/9/2024,10:14,Alex Coenen,Sarah Converse,Sarah Converse,Eric Wagner,MS_15,Yes,Live Eggs in Box ,No,1,0,0,0,Prev,54,,,,,,,,,,,,,,,,,,
2024,7/16/2024,13:24,Sarah Converse ,Alex Coenen,,,MS_15,Yes,Live Eggs in Box ,No,1,0,0,0,prev,50,,,,,,,,,,,,,,,,,adult got away/no capture. appeared unbanded,
2024,7/23/2024,13:24,Nate Redon,Eve Hallock,Alex Coenen,,MS_15,Yes,Live Eggs in Box ,No,1,0,0,0,Prev,49,,,,,,,,,,,,,,,,,,
2024,7/31/2024,12:36,Alex Coenen,,,Eric Wagner,MS_15,Yes,Live Eggs in Box ,No,1,0,0,0,Prev,48,,,,,,,,,,,,,,,,,warm egg!,
2024,8/6/2024,12:33,Alex Coenen,Alex Coenen,,Timothy Chen,MS_15,No,Live Eggs in Box ,No,1,0,0,0,Prev,46,,,,,,,,,,,,,,,,,egg cold - there has been an adult sitting on this egg the past 4 weeks so I did not collect egg. No adult this time - probably realized it is a dead egg. will collect next week,
2024,8/15/2024,11:59,Alex Coenen,,,Eve Hallock,MS_15,No,Dead eggs in box,No,1,0,0,0,,,,,,,,,,,,,,,,,,,collected,
2024,8/20/2024,11:05,Eric Wagner,,,Alex Coenen,MS_15,No,Empty,No,0,0,0,0,,,,,,,,,,,,,,,,,,,,
2024,8/27/2024,10:38,Alex Coenen,,,Matt Farr,MS_15,No,Empty,No,0,0,0,0,,,,,,,,,,,,,,,,,,,,
2024,9/3/2024,11:30,Sarah Converse,,,Alex Coenen,MS_15,No,Empty,No,0,0,0,0,,,,,,,,,,,,,,,,,,,,
2024,9/10/2024,NA,Alex Coenen,,,Sarah Converse,MS_15,No,Empty,No,0,0,0,0,,,,,,,,,,,,,,,,,,,,
2024,9/17/2024,NA,Alex Coenen,,,Matt Farr,MS_15,No,Empty,No,0,0,0,0,,,,,,,,,,,,,,,,,,,,
2024,9/24/2024,NA,Alex Coenen,,,Matt Farr,MS_15,No,Empty,No,0,0,0,0,,,,,,,,,,,,,,,,,,,,
2024,5/30/2024,NA,Jessie Beck,,,,VP_01,No,Empty - No nest is known to have been initiated,No,0,0,0,0,,,,,,,,,,,,,,,,,,,,
2024,6/6/2024,15:20,Sarah Converse ,,,,VP_01,No,Empty - No nest is known to have been initiated,No,0,0,0,0,,,,,,,,,,,,,,,,,,,,
2024,6/13/2024,NA,Eric Wagner,,,,VP_01,No,Empty - No nest is known to have been initiated,No,0,0,0,0,,,,,,,,,,,,,,,,,,,,
2024,6/18/2024,10:30,Sarah Converse ,,,,VP_01,No,Empty - No nest is known to have been initiated,No,0,0,0,0,,,,,,,,,,,,,,,,,,,,
2024,6/26/2024,NA,Amelia DuVall,,,,VP_01,No,Empty - No nest is known to have been initiated,No,0,0,0,0,,,,,,,,,,,,,,,,,,,,
2024,7/2/2024,16:27,Alex Coenen,,,,VP_01,No,Empty - No nest is known to have been initiated,No,0,0,0,0,,,,,,,,,,,,,,,,,,,,
2024,7/9/2024,13:27,Alex Coenen,,,,VP_01,No,Empty - No nest is known to have been initiated,No,0,0,0,0,,,,,,,,,,,,,,,,,,,,
2024,7/16/2024,10:36,Alex Coenen,,,,VP_01,No,Empty - No nest is known to have been initiated,No,0,0,0,0,,,,,,,,,,,,,,,,,,,,
2024,7/23/2024,11:20,Alex Coenen,,,,VP_01,No,Empty - No nest is known to have been initiated,No,0,0,0,0,,,,,,,,,,,,,,,,,,,,
2024,7/31/2024,11:18,Alex Coenen,,,Eric Wagner,VP_01,No,Empty - No nest is known to have been initiated,No,0,0,0,0,,,,,,,,,,,,,,,,,,,,
2024,8/6/2024,11:04,Alex Coenen,,,Timothy Chen,VP_01,No,Empty - No nest is known to have been initiated,No,0,0,0,0,,,,,,,,,,,,,,,,,,,,
2024,8/15/2024,10:53,Alex Coenen,,,Eve Hallock,VP_01,No,Empty - No nest is known to have been initiated,No,0,0,0,0,,,,,,,,,,,,,,,,,,,,
2024,8/20/2024,9:56,Eric Wagner,,,Alex Coenen,VP_01,No,Empty - No nest is known to have been initiated,No,0,0,0,0,,,,,,,,,,,,,,,,,,,,
2024,8/27/2024,10:04,Alex Coenen,,,Matt Farr,VP_01,No,Empty - No nest is known to have been initiated,No,0,0,0,0,,,,,,,,,,,,,,,,,,,,
2024,9/3/2024,10:45,Sarah Converse,,,Alex Coenen,VP_01,No,Empty - No nest is known to have been initiated,No,0,0,0,0,,,,,,,,,,,,,,,,,,,,
2024,9/10/2024,NA,Alex Coenen,,,Sarah Converse,VP_01,No,Empty - No nest is known to have been initiated,No,0,0,0,0,,,,,,,,,,,,,,,,,,,,
2024,9/17/2024,NA,Alex Coenen,,,Matt Farr,VP_01,No,Empty - No nest is known to have been initiated,No,0,0,0,0,,,,,,,,,,,,,,,,,,,,
2024,9/24/2024,NA,Alex Coenen,,,Matt Farr,VP_01,No,Empty - No nest is known to have been initiated,No,0,0,0,0,,,,,,,,,,,,,,,,,,,,
2024,5/30/2024,NA,Jessie Beck,,,,VP_02,No,Empty - No nest is known to have been initiated,No,0,0,0,0,,,,,,,,,,,,,,,,,,,,
2024,6/6/2024,15:20,Sarah Converse ,,,,VP_02,No,Empty - No nest is known to have been initiated,No,0,0,0,0,,,,,,,,,,,,,,,,,,,,
2024,6/13/2024,NA,Eric Wagner,,,,VP_02,No,Empty - No nest is known to have been initiated,No,0,0,0,0,,,,,,,,,,,,,,,,,,,,
2024,6/18/2024,10:30,Sarah Converse ,,,,VP_02,No,Empty - No nest is known to have been initiated,No,0,0,0,0,,,,,,,,,,,,,,,,,,,,
2024,6/26/2024,NA,Amelia DuVall,,,,VP_02,No,Empty - No nest is known to have been initiated,No,0,0,0,0,,,,,,,,,,,,,,,,,,,,
2024,7/2/2024,16:28,Alex Coenen,,,,VP_02,No,Empty - No nest is known to have been initiated,No,0,0,0,0,,,,,,,,,,,,,,,,,,,,
2024,7/9/2024,13:27,Alex Coenen,,,,VP_02,No,Empty - No nest is known to have been initiated,No,0,0,0,0,,,,,,,,,,,,,,,,,,,,
2024,7/16/2024,10:36,Alex Coenen,,,,VP_02,No,Empty - No nest is known to have been initiated,No,0,0,0,0,,,,,,,,,,,,,,,,,,,,
2024,7/23/2024,11:20,Alex Coenen,,,,VP_02,No,Empty - No nest is known to have been initiated,No,0,0,0,0,,,,,,,,,,,,,,,,,,,,
2024,7/31/2024,11:18,Alex Coenen,,,Eric Wagner,VP_02,No,Empty - No nest is known to have been initiated,No,0,0,0,0,,,,,,,,,,,,,,,,,,,,
2024,8/6/2024,11:05,Alex Coenen,,,Timothy Chen,VP_02,No,Empty - No nest is known to have been initiated,No,0,0,0,0,,,,,,,,,,,,,,,,,,,,
2024,8/15/2024,10:53,Alex Coenen,,,Eve Hallock,VP_02,No,Empty - No nest is known to have been initiated,No,0,0,0,0,,,,,,,,,,,,,,,,,,,,
2024,8/20/2024,9:56,Eric Wagner,,,Alex Coenen,VP_02,No,Empty - No nest is known to have been initiated,No,0,0,0,0,,,,,,,,,,,,,,,,,,,,
2024,8/27/2024,10:04,Alex Coenen,,,Matt Farr,VP_02,No,Empty - No nest is known to have been initiated,No,0,0,0,0,,,,,,,,,,,,,,,,,,,,
2024,9/3/2024,10:45,Sarah Converse,,,Alex Coenen,VP_02,No,Empty - No nest is known to have been initiated,No,0,0,0,0,,,,,,,,,,,,,,,,,,,,
2024,9/10/2024,NA,Alex Coenen,,,Sarah Converse,VP_02,No,Empty - No nest is known to have been initiated,No,0,0,0,0,,,,,,,,,,,,,,,,,,,,
2024,9/17/2024,NA,Alex Coenen,,,Matt Farr,VP_02,No,Empty - No nest is known to have been initiated,No,0,0,0,0,,,,,,,,,,,,,,,,,,,,
2024,9/24/2024,NA,Alex Coenen,,,Matt Farr,VP_02,No,Empty - No nest is known to have been initiated,No,0,0,0,0,,,,,,,,,,,,,,,,,,,,
2024,5/30/2024,NA,Jessie Beck,,,,VP_03,No,Empty - No nest is known to have been initiated,No,0,0,0,0,,,,,,,,,,,,,,,,,,,,
2024,6/6/2024,15:20,Sarah Converse ,,,,VP_03,No,Empty - No nest is known to have been initiated,No,0,0,0,0,,,,,,,,,,,,,,,,,,,,
2024,6/13/2024,NA,Eric Wagner,,,,VP_03,No,Empty - No nest is known to have been initiated,No,0,0,0,0,,,,,,,,,,,,,,,,,,,,
2024,6/18/2024,10:30,Sarah Converse ,,,,VP_03,No,Empty - No nest is known to have been initiated,No,0,0,0,0,,,,,,,,,,,,,,,,,,,,
2024,6/26/2024,NA,Amelia DuVall,,,,VP_03,No,Empty - No nest is known to have been initiated,No,0,0,0,0,,,,,,,,,,,,,,,,,,,,
2024,7/2/2024,16:29,Alex Coenen,,,,VP_03,No,Empty - No nest is known to have been initiated,No,0,0,0,0,,,,,,,,,,,,,,,,,,,,
2024,7/9/2024,13:27,Alex Coenen,,,,VP_03,No,Empty - No nest is known to have been initiated,No,0,0,0,0,,,,,,,,,,,,,,,,,,,,
2024,7/16/2024,10:37,Alex Coenen,,,,VP_03,No,Empty - No nest is known to have been initiated,No,0,0,0,0,,,,,,,,,,,,,,,,,,,,
2024,7/23/2024,11:21,Alex Coenen,,,,VP_03,No,Empty - No nest is known to have been initiated,No,0,0,0,0,,,,,,,,,,,,,,,,,,,,
2024,7/31/2024,11:18,Alex Coenen,,,Eric Wagner,VP_03,No,Empty - No nest is known to have been initiated,No,0,0,0,0,,,,,,,,,,,,,,,,,,,,
2024,8/6/2024,11:05,Alex Coenen,,,Timothy Chen,VP_03,No,Empty - No nest is known to have been initiated,No,0,0,0,0,,,,,,,,,,,,,,,,,,,,
2024,8/15/2024,10:53,Alex Coenen,,,Eve Hallock,VP_03,No,Empty - No nest is known to have been initiated,No,0,0,0,0,,,,,,,,,,,,,,,,,,,,
2024,8/20/2024,9:56,Eric Wagner,,,Alex Coenen,VP_03,No,Empty - No nest is known to have been initiated,No,0,0,0,0,,,,,,,,,,,,,,,,,,,,
2024,8/27/2024,10:04,Alex Coenen,,,Matt Farr,VP_03,No,Empty - No nest is known to have been initiated,No,0,0,0,0,,,,,,,,,,,,,,,,,,,,
2024,9/3/2024,10:45,Sarah Converse,,,Alex Coenen,VP_03,No,Empty - No nest is known to have been initiated,No,0,0,0,0,,,,,,,,,,,,,,,,,,,,
2024,9/10/2024,NA,Alex Coenen,,,Sarah Converse,VP_03,No,Empty - No nest is known to have been initiated,No,0,0,0,0,,,,,,,,,,,,,,,,,,,,
2024,9/17/2024,NA,Alex Coenen,,,Matt Farr,VP_03,No,Empty - No nest is known to have been initiated,No,0,0,0,0,,,,,,,,,,,,,,,,,,,,
2024,9/24/2024,NA,Alex Coenen,,,Matt Farr,VP_03,No,Empty - No nest is known to have been initiated,No,0,0,0,0,,,,,,,,,,,,,,,,,,,,
2024,5/30/2024,NA,Jessie Beck,,,,VP_04a,No,Empty - No nest is known to have been initiated,No,0,0,0,0,,,,,,,,,,,,,,,,,,,,
2024,6/6/2024,15:20,Sarah Converse ,,,,VP_04a,No,Empty - No nest is known to have been initiated,No,0,0,0,0,,,,,,,,,,,,,,,,,,,,
2024,6/13/2024,NA,Eric Wagner,,,,VP_04a,No,Empty - No nest is known to have been initiated,No,0,0,0,0,,,,,,,,,,,,,,,,,,,,
2024,6/18/2024,10:30,Sarah Converse ,,,,VP_04a,No,Empty - No nest is known to have been initiated,No,0,0,0,0,,,,,,,,,,,,,,,,,,,,
2024,6/26/2024,NA,Amelia DuVall,,,,VP_04a,No,Empty - No nest is known to have been initiated,No,0,0,0,0,,,,,,,,,,,,,,,,,,,,
2024,7/2/2024,16:30,Alex Coenen,,,,VP_04a,No,Empty - No nest is known to have been initiated,No,0,0,0,0,,,,,,,,,,,,,,,,,,,,
2024,7/9/2024,13:27,Alex Coenen,,,,VP_04a,No,Empty - No nest is known to have been initiated,No,0,0,0,0,,,,,,,,,,,,,,,,,,,,
2024,7/16/2024,10:39,Alex Coenen,,,,VP_04a,No,Empty - No nest is known to have been initiated,No,0,0,0,0,,,,,,,,,,,,,,,,,,,,
2024,7/23/2024,11:21,Alex Coenen,,,,VP_04a,No,Empty - No nest is known to have been initiated,No,0,0,0,0,,,,,,,,,,,,,,,,,,,,
2024,7/31/2024,11:18,Alex Coenen,,,Eric Wagner,VP_04a,No,Empty - No nest is known to have been initiated,No,0,0,0,0,,,,,,,,,,,,,,,,,,,,
2024,8/6/2024,11:06,Alex Coenen,,,Timothy Chen,VP_04a,No,Empty - No nest is known to have been initiated,No,0,0,0,0,,,,,,,,,,,,,,,,,,,,
2024,8/15/2024,10:53,Alex Coenen,,,Eve Hallock,VP_04a,No,Empty - No nest is known to have been initiated,No,0,0,0,0,,,,,,,,,,,,,,,,,,,,
2024,8/20/2024,9:56,Eric Wagner,,,Alex Coenen,VP_04a,No,Empty - No nest is known to have been initiated,No,0,0,0,0,,,,,,,,,,,,,,,,,,,,
2024,8/27/2024,10:04,Alex Coenen,,,Matt Farr,VP_04a,No,Empty - No nest is known to have been initiated,No,0,0,0,0,,,,,,,,,,,,,,,,,,,,
2024,9/3/2024,10:45,Sarah Converse,,,Alex Coenen,VP_04a,No,Empty - No nest is known to have been initiated,No,0,0,0,0,,,,,,,,,,,,,,,,,,,,
2024,9/10/2024,NA,Alex Coenen,,,Sarah Converse,VP_04a,No,Empty - No nest is known to have been initiated,No,0,0,0,0,,,,,,,,,,,,,,,,,,,,
2024,9/17/2024,NA,Alex Coenen,,,Matt Farr,VP_04a,No,Empty - No nest is known to have been initiated,No,0,0,0,0,,,,,,,,,,,,,,,,,,,,
2024,9/24/2024,NA,Alex Coenen,,,Matt Farr,VP_04a,No,Empty - No nest is known to have been initiated,No,0,0,0,0,,,,,,,,,,,,,,,,,,,,
2024,5/30/2024,NA,Jessie Beck,,,,VP_04b,No,Empty - No nest is known to have been initiated,No,0,0,0,0,,,,,,,,,,,,,,,,,,,,
2024,6/6/2024,15:20,Sarah Converse ,,,,VP_04b,No,Empty - No nest is known to have been initiated,No,0,0,0,0,,,,,,,,,,,,,,,,,,,,
2024,6/13/2024,NA,Eric Wagner,,,,VP_04b,No,Empty - No nest is known to have been initiated,No,0,0,0,0,,,,,,,,,,,,,,,,,,,,
2024,6/18/2024,10:30,Sarah Converse ,,,,VP_04b,No,Empty - No nest is known to have been initiated,No,0,0,0,0,,,,,,,,,,,,,,,,,,,,
2024,6/26/2024,NA,Amelia DuVall,,,,VP_04b,No,Empty - No nest is known to have been initiated,No,0,0,0,0,,,,,,,,,,,,,,,,,,,,
2024,7/2/2024,16:30,Alex Coenen,,,,VP_04b,No,Empty - No nest is known to have been initiated,No,0,0,0,0,,,,,,,,,,,,,,,,,,,,
2024,7/9/2024,13:29,Alex Coenen,,,,VP_04b,No,Empty - No nest is known to have been initiated,No,0,0,0,0,,,,,,,,,,,,,,,,,,,,
2024,7/16/2024,10:39,Alex Coenen,,,,VP_04b,No,Empty - No nest is known to have been initiated,No,0,0,0,0,,,,,,,,,,,,,,,,,,,,
2024,7/23/2024,11:22,Alex Coenen,,,,VP_04b,No,Empty - No nest is known to have been initiated,No,0,0,0,0,,,,,,,,,,,,,,,,,,,,
2024,7/31/2024,11:19,Alex Coenen,,,Eric Wagner,VP_04b,No,Empty - No nest is known to have been initiated,No,0,0,0,0,,,,,,,,,,,,,,,,,,,,
2024,8/6/2024,11:07,Alex Coenen,,,Timothy Chen,VP_04b,No,Empty - No nest is known to have been initiated,No,0,0,0,0,,,,,,,,,,,,,,,,,,,,
2024,8/15/2024,10:53,Alex Coenen,,,Eve Hallock,VP_04b,No,Empty - No nest is known to have been initiated,No,0,0,0,0,,,,,,,,,,,,,,,,,,,,
2024,8/20/2024,9:56,Eric Wagner,,,Alex Coenen,VP_04b,No,Empty - No nest is known to have been initiated,No,0,0,0,0,,,,,,,,,,,,,,,,,,,,
2024,8/27/2024,10:04,Alex Coenen,,,Matt Farr,VP_04b,No,Empty - No nest is known to have been initiated,No,0,0,0,0,,,,,,,,,,,,,,,,,,,,
2024,9/3/2024,10:45,Sarah Converse,,,Alex Coenen,VP_04b,No,Empty - No nest is known to have been initiated,No,0,0,0,0,,,,,,,,,,,,,,,,,,,,
2024,9/10/2024,NA,Alex Coenen,,,Sarah Converse,VP_04b,No,Empty - No nest is known to have been initiated,No,0,0,0,0,,,,,,,,,,,,,,,,,,,,
2024,9/17/2024,NA,Alex Coenen,,,Matt Farr,VP_04b,No,Empty - No nest is known to have been initiated,No,0,0,0,0,,,,,,,,,,,,,,,,,,,,
2024,9/24/2024,NA,Alex Coenen,,,Matt Farr,VP_04b,No,Empty - No nest is known to have been initiated,No,0,0,0,0,,,,,,,,,,,,,,,,,,,,
2024,5/30/2024,NA,Jessie Beck,,,,VP_05,No,Empty - No nest is known to have been initiated,No,0,0,0,0,,,,,,,,,,,,,,,,,,,,
2024,6/6/2024,15:20,Sarah Converse ,,,,VP_05,No,Empty - No nest is known to have been initiated,No,0,0,0,0,,,,,,,,,,,,,,,,,,,,
2024,6/13/2024,NA,Eric Wagner,,,,VP_05,No,Empty - No nest is known to have been initiated,No,0,0,0,0,,,,,,,,,,,,,,,,,,,,
2024,6/18/2024,10:35,Sarah Converse ,Eric Wagner,Eric Wagner,,VP_05,Yes,Live Eggs in Box ,No,1,0,0,0,New,48,38.4,58.5,,,,,,,,,,,,,,,,
2024,6/26/2024,10:30,Amelia DuVall,Eric Wagner,,,VP_05,No,Live Eggs in Box ,No,1,0,0,0,Prev,50,,,,,,,,,,,,,,,,,cold egg,
2024,7/2/2024,16:31,Alex Coenen,Eric Wagner,,Sarah Converse ,VP_05,No,Live Eggs in Box ,No,1,0,0,0,Prev,,,,,,,,,,,,,,,,,,,
2024,7/9/2024,13:31,Alex Coenen,Eric Wagner,,Sarah Converse,VP_05,No,Live Eggs in Box ,No,1,0,0,0,Prev,45,,,,,,,,,,,,,,,,,egg cold,
2024,7/16/2024,10:41,Alex Coenen,Alex Coenen,,Sarah Converse ,VP_05,No,Live Eggs in Box ,No,1,0,0,0,Prev,46,,,,,,,,,,,,,,,,,eggs freezing cold,
2024,7/23/2024,11:22,Alex Coenen,,,,VP_05,No,Dead eggs in box,No,1,0,0,0,,,,,,,,,,,,,,,,,,,"Egg cold, collected, min amount of days from initiation to collect",
2024,7/31/2024,11:19,Alex Coenen,,,Eric Wagner,VP_05,No,Empty,No,0,0,0,0,,,,,,,,,,,,,,,,,,,,
2024,8/6/2024,11:08,Alex Coenen,,,Timothy Chen,VP_05,No,Empty,No,0,0,0,0,,,,,,,,,,,,,,,,,,,,
2024,8/15/2024,10:54,Alex Coenen,,,Eve Hallock,VP_05,No,Empty,No,0,0,0,0,,,,,,,,,,,,,,,,,,,,
2024,8/20/2024,9:56,Eric Wagner,,,Alex Coenen,VP_05,No,Empty,No,0,0,0,0,,,,,,,,,,,,,,,,,,,,
2024,8/27/2024,10:05,Alex Coenen,,,Matt Farr,VP_05,No,Empty,No,0,0,0,0,,,,,,,,,,,,,,,,,,,,
2024,9/3/2024,10:45,Sarah Converse,,,Alex Coenen,VP_05,No,Empty,No,0,0,0,0,,,,,,,,,,,,,,,,,,,,
2024,9/10/2024,NA,Alex Coenen,,,Sarah Converse,VP_05,No,Empty,No,0,0,0,0,,,,,,,,,,,,,,,,,,,,
2024,9/17/2024,NA,Alex Coenen,,,Matt Farr,VP_05,No,Empty,No,0,0,0,0,,,,,,,,,,,,,,,,,,,,
2024,9/24/2024,NA,Alex Coenen,,,Matt Farr,VP_05,No,Empty,No,0,0,0,0,,,,,,,,,,,,,,,,,,,,
2024,5/30/2024,NA,Jessie Beck,,,,VP_06,No,Empty - No nest is known to have been initiated,No,0,0,0,0,,,,,,,,,,,,,,,,,,,,
2024,6/6/2024,15:20,Sarah Converse ,,,,VP_06,No,Empty - No nest is known to have been initiated,No,0,0,0,0,,,,,,,,,,,,,,,,,,,,
2024,6/13/2024,NA,Eric Wagner,,,,VP_06,No,Empty - No nest is known to have been initiated,No,0,0,0,0,,,,,,,,,,,,,,,,,,,,
2024,6/18/2024,10:50,Sarah Converse ,,,,VP_06,No,Empty - No nest is known to have been initiated,No,0,0,0,0,,,,,,,,,,,,,,,,,,,,
2024,6/26/2024,10:35,Amelia DuVall,Eric Wagner,,,VP_06,No,Live Eggs in Box ,No,1,0,0,0,New,50,38.2,61,,,,,,,,,,,,,,,,
2024,7/2/2024,16:32,Alex Coenen,Eric Wagner,,Sarah Converse ,VP_06,No,Live Eggs in Box ,No,1,0,0,0,Prev,,,,,,,,,,,,,,,,,,,
2024,7/9/2024,13:33,Alex Coenen,Eric Wagner,,Sarah Converse,VP_06,No,Live Eggs in Box ,No,1,0,0,0,Prev,50,,,,,,,,,,,,,,,,,,
2024,7/16/2024,10:43,Alex Coenen,Alex Coenen,,Sarah Converse ,VP_06,No,Live Eggs in Box ,No,1,0,0,0,Prev,46,,,,,,,,,,,,,,,,,,
2024,7/23/2024,11:23,Alex Coenen,,,,VP_06,No,Dead eggs in box,No,1,0,0,0,,,,,,,,,,,,,,,,,,,"Egg cold, collected, min amount of days from initiation to collect",
2024,7/31/2024,11:20,Alex Coenen,,,Eric Wagner,VP_06,No,Empty,No,0,0,0,0,,,,,,,,,,,,,,,,,,,,
2024,8/6/2024,11:09,Alex Coenen,,,Timothy Chen,VP_06,No,Empty,No,0,0,0,0,,,,,,,,,,,,,,,,,,,,
2024,8/15/2024,10:54,Alex Coenen,,,Eve Hallock,VP_06,No,Empty,No,0,0,0,0,,,,,,,,,,,,,,,,,,,,
2024,8/20/2024,9:56,Eric Wagner,,,Alex Coenen,VP_06,No,Empty,No,0,0,0,0,,,,,,,,,,,,,,,,,,,,
2024,8/27/2024,10:05,Alex Coenen,,,Matt Farr,VP_06,No,Empty,No,0,0,0,0,,,,,,,,,,,,,,,,,,,,
2024,9/3/2024,10:45,Sarah Converse,,,Alex Coenen,VP_06,No,Empty,No,0,0,0,0,,,,,,,,,,,,,,,,,,,,
2024,9/10/2024,NA,Alex Coenen,,,Sarah Converse,VP_06,No,Empty,No,0,0,0,0,,,,,,,,,,,,,,,,,,,,
2024,9/17/2024,NA,Alex Coenen,,,Matt Farr,VP_06,No,Empty,No,0,0,0,0,,,,,,,,,,,,,,,,,,,,
2024,9/24/2024,NA,Alex Coenen,,,Matt Farr,VP_06,No,Empty,No,0,0,0,0,,,,,,,,,,,,,,,,,,,,
2024,5/30/2024,12:04,Jessie Beck,Eric Wagner,Eric Wagner ,,VP_07,Yes,Empty - No nest is known to have been initiated,No,0,0,0,0,,,,,,,,,,,,,,,,,,,,
2024,6/6/2024,15:20,Sarah Converse ,,,,VP_07,No,Empty - No nest is known to have been initiated,No,0,0,0,0,,,,,,,,,,,,,,,,,,,,
2024,6/13/2024,10:30,Eric Wagner,Alex Coenen,,,VP_07,No,Live Eggs in Box ,No,1,0,0,0,New,51,38.6,60,,,,,,,,,,,,,,,Egg was very new (chalky shell),
2024,6/18/2024,10:54,Sarah Converse ,Eric Wagner,,,VP_07,No,Live Eggs in Box ,No,2,0,0,0,Prev,50,NA,NA,New,51,38.5,62.3,,,,,,,,,,,Eggs are cool ,
2024,6/26/2024,10:40,Amelia DuVall,Eric Wagner,,,VP_07,No,Live Eggs in Box ,No,2,0,0,0,Prev,51,,,Prev,50,,,,,,,,,,,,,,
2024,7/2/2024,16:35,Alex Coenen,Eric Wagner,,Sarah Converse ,VP_07,Yes,Live Eggs in Box ,No,2,0,0,0,Prev,,,,Prev,,,,,,,,,,,,,,,
2024,7/9/2024,13:35,Alex Coenen,Eric Wagner,Eric Wagner,Sarah Converse,VP_07,Yes,Live Eggs in Box ,No,2,0,0,0,Prev,44,,,Prev,45,,,,,,,,,,,,,,
2024,7/16/2024,10:47,Alex Coenen,Alex Coenen,,Sarah Converse ,VP_07,Yes,Live Eggs in Box ,No,2,0,0,0,Prev,42,,,Prev,42,,,,,,,,,,,,,,
2024,7/23/2024,11:28,Nate Redon,Eve Hallock,,Alex Coenen,VP_07,Yes,Live Eggs in Box ,No,2,0,0,0,Prev,46,,,Prev,46,,,,,,,,,,,,,,
2024,7/31/2024,11:22,Alex Coenen,Eric Wagner,,,VP_07,No,Live Eggs in Box ,No,1,0,0,0,Prev,50,,,,,,,,,,,,,,,,,"cold egg, one egg missing? residual orange liquid in box. AC has photo of inside of the box (IMG_6826)",
2024,8/6/2024,11:10,Alex Coenen,Alex Coenen,,Timothy Chen,VP_07,No,Dead eggs,No,1,0,0,0,,,,,,,,,,,,,,,,,,,Collected. Lot of feathers in front of box (AC has photos: IMG_7066),
2024,8/15/2024,10:55,Alex Coenen,,,Eve Hallock,VP_07,No,Empty,No,0,0,0,0,,,,,,,,,,,,,,,,,,,,
2024,8/20/2024,9:56,Eric Wagner,,,Alex Coenen,VP_07,No,Empty,No,0,0,0,0,,,,,,,,,,,,,,,,,,,,
2024,8/27/2024,10:05,Alex Coenen,,,Matt Farr,VP_07,No,Empty,No,0,0,0,0,,,,,,,,,,,,,,,,,,,,
2024,9/3/2024,10:45,Sarah Converse,,,Alex Coenen,VP_07,No,Empty,No,0,0,0,0,,,,,,,,,,,,,,,,,,,,
2024,9/10/2024,NA,Alex Coenen,,,Sarah Converse,VP_07,No,Empty,No,0,0,0,0,,,,,,,,,,,,,,,,,,,,
2024,9/17/2024,NA,Alex Coenen,,,Matt Farr,VP_07,No,Empty,No,0,0,0,0,,,,,,,,,,,,,,,,,,,,
2024,9/24/2024,NA,Alex Coenen,,,Matt Farr,VP_07,No,Empty,No,0,0,0,0,,,,,,,,,,,,,,,,,,,,
2024,5/30/2024,NA,Jessie Beck,,,,VP_08,No,Empty - No nest is known to have been initiated,No,0,0,0,0,,,,,,,,,,,,,,,,,,,,
2024,6/6/2024,15:20,Sarah Converse ,,,,VP_08,No,Empty - No nest is known to have been initiated,No,0,0,0,0,,,,,,,,,,,,,,,,,,,,
2024,6/13/2024,NA,Eric Wagner,,,,VP_08,No,Empty - No nest is known to have been initiated,No,0,0,0,0,,,,,,,,,,,,,,,,,,,Gull nest ~3m away with quite aggressive parents ,
2024,6/18/2024,10:56,Sarah Converse ,,,,VP_08,No,Empty - No nest is known to have been initiated,No,0,0,0,0,,,,,,,,,,,,,,,,,,,,
2024,6/26/2024,10:54,Amelia DuVall,Eric Wagner,,,VP_08,Yes,Live Eggs in Box ,No,2,0,0,0,New,52,39.5,56.4,New,51,40.4,56,,,,,,,,,,,,
2024,7/2/2024,16:37,Alex Coenen,Eric Wagner,,Sarah Converse ,VP_08,No,Live Eggs in Box ,No,2,0,0,0,Prev,,,,Prev,,,,,,,,,,,,,,,
2024,7/9/2024,13:57,Alex Coenen,Eric Wagner,Eric Wagner,Sarah Converse,VP_08,Yes,Live Eggs in Box ,No,2,0,0,0,Prev,49,,,Prev,50,,,,,,,,,,,,,,
2024,7/16/2024,10:58,Alex Coenen,Alex Coenen,,Sarah Converse ,VP_08,Yes,Live Eggs in Box ,No,2,0,0,0,Prev,47,,,Prev,48,,,,,,,,,,,,,,
2024,7/23/2024,11:36,Nate Redon,Eve Hallock,,Alex Coenen,VP_08,Yes,Live Eggs in Box ,No,2,0,0,0,Prev,,,,Prev,,,,,,,,,,,,,,did not weigh eggs due to stressed adult,
2024,7/31/2024,11:26,Alex Coenen,Alex Coenen,,Eric Wagner,VP_08,No,Live chicks in box ,No,1,1,0,0,,,,,,,,,24,22.5,14.3,8.8,64,,,,,,"No. 1 egg ejected from nest box and was lying in front of nest box entrance. Collected egg. Egg cracked in bag, not before we collected.",
2024,8/6/2024,11:16,Alex Coenen,Alex Coenen,,Timothy Chen,VP_08,No,Live chicks in box ,No,0,1,0,0,,,,,,,,,36,27.1,16.4,10.3,124,,,,,,,
2024,8/15/2024,10:56,Eve Hallock,Alex Coenen,,,VP_08,No,Live chicks in box ,No,0,1,0,0,,,,,,,,,78,32.1,23.1,9,281,,,,,,,
2024,8/20/2024,9:56,Alex Coenen,Alex Coenen,,Eric Wagner,VP_08,No,Live chicks in box,No,0,1,0,0,,,,,,,,,95,34,23.3,10,265,,,,,,,
2024,8/27/2024,10:05,Alex Coenen,Alex Coenen,,Matt Farr,VP_08,No,Live chicks in box,No,0,1,0,0,,,,,,,,,121,33.8,26.3,13.8,401,,,,,,,
2024,9/3/2024,10:45,Sarah Converse,,,Alex Coenen,VP_08,No,Empty,No,0,0,0,0,,,,,,,,,,,,,,,,,,,,
2024,9/10/2024,NA,Alex Coenen,,,Sarah Converse,VP_08,No,Empty,No,0,0,0,0,,,,,,,,,,,,,,,,,,,,
2024,9/17/2024,NA,Alex Coenen,,,Matt Farr,VP_08,No,Empty,No,0,0,0,0,,,,,,,,,,,,,,,,,,,,
2024,9/24/2024,NA,Alex Coenen,,,Matt Farr,VP_08,No,Empty,No,0,0,0,0,,,,,,,,,,,,,,,,,,,,